Gender,Age,Politics,Diet,Personal_income,Household_income,Education,Disgust1_1,Disgust1_2,Disgust1_3,Disgust1_4,Disgust1_5,Disgust1_6,Disgust1_7,Disgust1_8,Disgust1_9,Disgust1_10,Disgust1_11,Disgust1_12,Disgust1_13,Disgust2_1,Disgust2_2,Disgust2_3,Disgust2_4,Disgust2_5,Disgust2_6,Disgust2_7,Disgust2_8,Disgust2_9,Disgust2_10,Disgust2_11,Disgust2_12,Disgust2_13,Familiarity,General_response,willing_to_try,pay_premium,premium_amount,discount_amount,taxes,Condition,Disgust1_3_R,Disgust1_4_R,Disgust1_8_R,Disgust1,Disgust2,Disgust_all,Age_numeric,Politics_numeric,Diet_numeric,Education_numeric,Personal_income_numeric,Household_income_numeric,Familiarity_numeric,willingness_numeric,WTP_differential_str,WTP_differential_pct,Sentiment,taxes_numeric
Female,27,Somewhat liberal,Pescatarian (seafood only),"$0 to $24,999","$0 to $24,999",Associate's degree,4.0,1.0,0.0,0.0,0.0,2.0,4.0,0.0,1.0,3.0,0.0,0.0,2.0,0.0,4.0,2.0,0.0,3.0,1.0,1.0,4.0,4.0,4.0,1.0,4.0,0.0,Mildly familiar (I know a bit about what it is),"I think it is unnecessary, but a definitely better alternative to those who choose to eat meat ",Probably not,No,,A 10% discount,Yes,Grown,4.0,4.0,4.0,29.0,28.0,57.0,27.0,1,0.0,4,1.0,1.0,0,-1,A 10% discount,-10.0,0.8126,1
Female,19,Somewhat liberal,Vegetarian,"$0 to $24,999","$50,000 to $74,999",High school diploma,1.0,0.0,0.0,4.0,3.0,1.0,0.0,3.0,1.0,1.0,3.0,3.0,4.0,2.0,3.0,2.0,2.0,1.0,3.0,1.0,2.0,3.0,2.0,0.0,3.0,0.0,A tiny bit familiar (I have heard the term but don't know anything about it),I am intrigued and want to learn more about it,Probably yes,No,,A 10% discount,Yes,Manufactured,4.0,0.0,1.0,22.0,24.0,46.0,19.0,1,2.0,3,1.0,3.0,-1,1,A 10% discount,-10.0,0.0772,1
Male,21,Somewhat liberal,Meat eater,"$0 to $24,999","$25,000 to $49,999",Associate's degree,3.0,4.0,3.0,0.0,3.0,1.0,3.0,0.0,4.0,0.0,0.0,3.0,0.0,1.0,2.0,1.0,1.0,4.0,2.0,1.0,3.0,1.0,3.0,0.0,4.0,0.0,Not at all familiar (never heard of it before),I think it seems odd but if it were to be mass produced I think it could be very beneficial to the world.,Definitely yes,No,,A 20% discount,Maybe,Grown,1.0,4.0,4.0,30.0,23.0,53.0,21.0,1,-2.0,4,1.0,2.0,-2,2,A 20% discount,-20.0,0.5632,0
Female,21,Somewhat liberal,Meat eater,"$0 to $24,999","$50,000 to $74,999",High school diploma,4.0,3.0,4.0,3.0,2.0,2.0,2.0,2.0,4.0,3.0,3.0,3.0,4.0,4.0,4.0,4.0,2.0,2.0,3.0,2.0,4.0,4.0,4.0,2.0,2.0,0.0,A tiny bit familiar (I have heard the term but don't know anything about it),I appreciate it,Definitely yes,Maybe,Up to a 20% premium,,Maybe,Manufactured,0.0,1.0,2.0,33.0,37.0,70.0,21.0,1,-2.0,3,1.0,3.0,-1,2,Up to a 20% premium,20.0,0.4019,0
Female,18,Moderate,Meat eater,"$0 to $24,999",Prefer not to say,High school diploma,3.0,3.0,0.0,2.0,0.0,4.0,2.0,1.0,4.0,3.0,4.0,3.0,3.0,1.0,2.0,1.0,1.0,3.0,0.0,0.0,2.0,2.0,2.0,1.0,2.0,0.0,A tiny bit familiar (I have heard the term but don't know anything about it),I think it seems like it is a good idea as long as they can keep prices down and the nutritional benefits are the same as normal meat.,Probably yes,No,,A 30% discount,No,Grown,4.0,2.0,3.0,38.0,17.0,55.0,18.0,0,-2.0,3,1.0,,-1,1,A 30% discount,-30.0,0.7906,-1
Female,18,Somewhat liberal,Meat eater,"$0 to $24,999","$150,000 or greater",High school diploma,3.0,1.0,0.0,2.0,0.0,1.0,3.0,3.0,3.0,1.0,1.0,1.0,1.0,1.0,1.0,2.0,2.0,2.0,1.0,1.0,3.0,1.0,1.0,0.0,2.0,0.0,A tiny bit familiar (I have heard the term but don't know anything about it),Cultured meat seems beneficial. ,Probably yes,Maybe,Up to a 20% premium,,Maybe,Grown,4.0,2.0,1.0,22.0,17.0,39.0,18.0,1,-2.0,3,1.0,6.0,-1,1,Up to a 20% premium,20.0,0.4404,0
Female,19,Somewhat liberal,Meat eater,"$0 to $24,999","$25,000 to $49,999",High school diploma,4.0,3.0,0.0,1.0,2.0,3.0,2.0,1.0,4.0,3.0,2.0,3.0,3.0,3.0,3.0,3.0,3.0,4.0,4.0,3.0,4.0,3.0,4.0,3.0,3.0,1.0,A tiny bit familiar (I have heard the term but don't know anything about it),"I thought that culture meat is interesting and I didn't know that yogurt used culture meat in its processing, so I found it interesting that I've been digesting it without knowing.",Probably not,No,,None of the discounts listed here would convince me to purchase cultured meat.,No,Grown,4.0,3.0,3.0,39.0,41.0,80.0,19.0,1,-2.0,3,1.0,2.0,-1,-1,None of the discounts listed here would convince me to purchase cultured meat.,,0.6597,-1
Female,20,Moderate,Meat eater,"$0 to $24,999",Prefer not to say,High school diploma,2.0,3.0,2.0,1.0,3.0,3.0,3.0,0.0,0.0,0.0,4.0,3.0,4.0,2.0,2.0,2.0,1.0,3.0,0.0,1.0,1.0,1.0,4.0,1.0,0.0,0.0,A tiny bit familiar (I have heard the term but don't know anything about it),"positive; interested in its benefits, especially in the context of climate change",Probably yes,Maybe,Up to a 30% premium,,Maybe,Grown,2.0,3.0,4.0,34.0,18.0,52.0,20.0,0,-2.0,3,1.0,,-1,1,Up to a 30% premium,30.0,0.836,0
Female,18,Very liberal,Meat eater,"$0 to $24,999","$75,000 to $99,999",High school diploma,2.0,2.0,0.0,1.0,1.0,3.0,3.0,1.0,4.0,4.0,3.0,2.0,3.0,1.0,4.0,4.0,3.0,4.0,3.0,3.0,4.0,4.0,4.0,2.0,4.0,0.0,A tiny bit familiar (I have heard the term but don't know anything about it),I think it is a very interesting concept,Probably yes,Maybe,Up to a 10% premium,,Yes,Grown,4.0,3.0,3.0,37.0,40.0,77.0,18.0,2,-2.0,3,1.0,4.0,-1,1,Up to a 10% premium,10.0,0.4576,1
Female,20,Moderate,Meat eater,"$0 to $24,999",Prefer not to say,High school diploma,2.0,3.0,2.0,1.0,3.0,3.0,3.0,0.0,4.0,4.0,4.0,3.0,4.0,2.0,2.0,2.0,1.0,4.0,0.0,1.0,2.0,2.0,4.0,1.0,0.0,0.0,A tiny bit familiar (I have heard the term but don't know anything about it),"positive; interested in its benefits, especially in the context of climate change",Probably yes,Maybe,Up to a 30% premium,,Maybe,Manufactured,2.0,3.0,4.0,42.0,21.0,63.0,20.0,0,-2.0,3,1.0,,-1,1,Up to a 30% premium,30.0,0.836,0
Female,22,Somewhat liberal,Meat eater,"$0 to $24,999","$150,000 or greater",High school diploma,3.0,3.0,1.0,1.0,2.0,3.0,2.0,1.0,4.0,2.0,3.0,3.0,2.0,2.0,2.0,1.0,1.0,3.0,2.0,1.0,3.0,3.0,3.0,1.0,3.0,0.0,Mildly familiar (I know a bit about what it is),I appreciate the fact that it would be beneficial for the environment and it's nice that you don't have to slaughter animals to get it. I do get kinda worried about what exactly it is and the safety of it if there haven't been long term studies. Also the cost is a big factor for me as a student. I would potentially try it in the future.,Might or might not,No,,None of the discounts listed here would convince me to purchase cultured meat.,Maybe,Manufactured,3.0,3.0,3.0,36.0,25.0,61.0,22.0,1,-2.0,3,1.0,6.0,0,0,None of the discounts listed here would convince me to purchase cultured meat.,,0.8516,0
Non-binary / third gender,18,Somewhat liberal,Vegetarian,"$0 to $24,999","$25,000 to $49,999",High school diploma,4.0,2.0,0.0,1.0,4.0,0.0,1.0,3.0,4.0,3.0,4.0,3.0,2.0,1.0,4.0,3.0,4.0,4.0,4.0,2.0,4.0,4.0,4.0,4.0,4.0,1.0,A tiny bit familiar (I have heard the term but don't know anything about it),It seems like a good idea.,Might or might not,No,,A 30% discount,Maybe,Grown,4.0,3.0,1.0,35.0,43.0,78.0,18.0,1,2.0,3,1.0,2.0,-1,0,A 30% discount,-30.0,0.6597,0
Female,18,Somewhat liberal,Vegetarian,"$0 to $24,999","$100,000 to $149,999",High school diploma,3.0,3.0,1.0,3.0,1.0,4.0,1.0,3.0,4.0,3.0,4.0,1.0,3.0,1.0,4.0,3.0,2.0,4.0,3.0,1.0,4.0,3.0,4.0,2.0,3.0,0.0,A tiny bit familiar (I have heard the term but don't know anything about it),I think it is a great way to help animals as well as humans.,Definitely yes,Maybe,Up to a 30% premium,,Yes,Manufactured,3.0,1.0,1.0,32.0,34.0,66.0,18.0,1,2.0,3,1.0,5.0,-1,2,Up to a 30% premium,30.0,0.836,1
Male,32,Moderate,Meat eater,"$0 to $24,999","$0 to $24,999",Associate's degree,4.0,1.0,0.0,2.0,1.0,3.0,2.0,1.0,4.0,4.0,3.0,2.0,2.0,4.0,3.0,2.0,3.0,4.0,0.0,1.0,1.0,2.0,0.0,0.0,2.0,0.0,Mildly familiar (I know a bit about what it is),"If it is taste very similar to the real meat and contains the same nutrition, I think it is really good to eat to save other animals and also save our planet from global warming.",Definitely yes,Maybe,Up to a 50% premium,,Maybe,Grown,4.0,2.0,3.0,35.0,22.0,57.0,32.0,0,-2.0,4,1.0,1.0,0,2,Up to a 50% premium,50.0,0.8805,0
Female,21,Somewhat liberal,Meat eater,"$0 to $24,999","$150,000 or greater",High school diploma,1.0,0.0,0.0,3.0,2.0,4.0,0.0,4.0,0.0,1.0,0.0,1.0,3.0,1.0,1.0,2.0,4.0,1.0,3.0,0.0,2.0,2.0,1.0,1.0,3.0,0.0,A tiny bit familiar (I have heard the term but don't know anything about it),"If it is more environmentally and economically friendly, I am here for it",Probably yes,No,,A 40% discount,No,Grown,4.0,1.0,0.0,17.0,21.0,38.0,21.0,1,-2.0,3,1.0,6.0,-1,1,A 40% discount,-40.0,0.4939,-1
Female,21,Somewhat liberal,Meat eater,"$0 to $24,999","$0 to $24,999",Associate's degree,4.0,2.0,0.0,0.0,3.0,4.0,4.0,3.0,4.0,4.0,3.0,4.0,4.0,3.0,4.0,3.0,3.0,4.0,2.0,3.0,4.0,4.0,4.0,2.0,4.0,0.0,"Reasonably familiar (I have some exposure to the concepts, technology, and progress)",Great that meat can be grown without the pain of animals,Definitely yes,Maybe,Up to a 50% premium,,Maybe,Manufactured,4.0,4.0,1.0,45.0,40.0,85.0,21.0,1,-2.0,4,1.0,1.0,1,2,Up to a 50% premium,50.0,0.7784,0
Female,19,Somewhat liberal,Meat eater,"$0 to $24,999","$150,000 or greater",High school diploma,3.0,4.0,1.0,1.0,1.0,3.0,0.0,0.0,0.0,1.0,1.0,2.0,3.0,1.0,3.0,2.0,0.0,2.0,3.0,0.0,4.0,4.0,1.0,1.0,4.0,0.0,"Reasonably familiar (I have some exposure to the concepts, technology, and progress)","I think that it can be a great alternative to real meat, especially due to the environmental consequences of real meat production. It does, however, need some improvments. ",Probably yes,Maybe,Up to a 20% premium,,Maybe,Manufactured,3.0,3.0,4.0,28.0,25.0,53.0,19.0,1,-2.0,3,1.0,6.0,1,1,Up to a 20% premium,20.0,0.6249,0
Female,18,Moderate,Meat eater,"$0 to $24,999","$25,000 to $49,999",High school diploma,4.0,3.0,0.0,1.0,2.0,2.0,1.0,3.0,4.0,0.0,4.0,2.0,2.0,2.0,3.0,1.0,2.0,4.0,4.0,3.0,4.0,4.0,4.0,2.0,4.0,2.0,Not at all familiar (never heard of it before),sounds interesting ,Might or might not,Maybe,Up to a 20% premium,,Maybe,Manufactured,4.0,3.0,1.0,32.0,39.0,71.0,18.0,0,-2.0,3,1.0,2.0,-2,0,Up to a 20% premium,20.0,0.4019,0
Female,18,Very liberal,Meat eater,"$0 to $24,999","$150,000 or greater",High school diploma,3.0,2.0,1.0,3.0,1.0,3.0,1.0,3.0,4.0,1.0,3.0,4.0,3.0,1.0,4.0,3.0,3.0,4.0,1.0,1.0,2.0,2.0,2.0,1.0,1.0,0.0,Mildly familiar (I know a bit about what it is),"I think it's fantastic. I'm looking forward to it becoming commercially available and affordable because it could be so beneficial to the environment. Not only would I be willing to try cultured meat, but I'd also be more than happy to replace most if not all of the meat that I consume with cultured meat.",Definitely yes,Yes,Up to a 50% premium,,Yes,Grown,3.0,1.0,1.0,30.0,25.0,55.0,18.0,2,-2.0,3,1.0,6.0,0,2,Up to a 50% premium,50.0,0.879,1
Female,20,Very liberal,Meat eater,"$0 to $24,999","$150,000 or greater",High school diploma,1.0,3.0,0.0,0.0,3.0,4.0,0.0,3.0,3.0,1.0,1.0,3.0,1.0,1.0,1.0,2.0,2.0,3.0,4.0,0.0,4.0,4.0,4.0,2.0,4.0,0.0,Not at all familiar (never heard of it before),I think that it sounds good. Although I enjoy the taste of meat and have continued eating it to keep my iron levels up I know that the way animals are raised and slaughtered is deplorable. Cultured meat sounds like a much more kind way to treat other animals. ,Definitely yes,Yes,Up to a 10% premium,,Yes,Manufactured,4.0,4.0,1.0,29.0,31.0,60.0,20.0,2,-2.0,3,1.0,6.0,-2,2,Up to a 10% premium,10.0,0.9324,1
Female,21,Somewhat liberal,Meat eater,"$25,000 to $49,999","$75,000 to $99,999",High school diploma,4.0,1.0,0.0,3.0,2.0,2.0,2.0,3.0,3.0,1.0,4.0,2.0,1.0,2.0,1.0,2.0,4.0,2.0,2.0,1.0,3.0,1.0,3.0,1.0,4.0,0.0,A tiny bit familiar (I have heard the term but don't know anything about it),A great alternative that I wish gained popularity.,Definitely yes,Maybe,Up to a 40% premium,,Maybe,Grown,4.0,1.0,1.0,28.0,26.0,54.0,21.0,1,-2.0,3,2.0,4.0,-1,2,Up to a 40% premium,40.0,0.91,0
Female,20,Somewhat liberal,Vegan,Prefer not to say,Prefer not to say,Associate's degree,4.0,3.0,0.0,1.0,3.0,2.0,3.0,2.0,4.0,3.0,4.0,3.0,3.0,4.0,4.0,3.0,4.0,4.0,4.0,4.0,4.0,4.0,4.0,4.0,4.0,4.0,A tiny bit familiar (I have heard the term but don't know anything about it),"its interesting but as someone tgat is more vegan vegetarian, i rather have plant based options but in real vs cultured meat i would pick cultured",Probably not,No,,None of the discounts listed here would convince me to purchase cultured meat.,Maybe,Grown,4.0,3.0,2.0,41.0,51.0,92.0,20.0,1,2.0,4,,,-1,-1,None of the discounts listed here would convince me to purchase cultured meat.,,0.2144,0
Female,22,Somewhat liberal,Meat eater,"$0 to $24,999","$50,000 to $74,999",Associate's degree,0.0,4.0,0.0,0.0,3.0,3.0,3.0,2.0,3.0,4.0,4.0,4.0,4.0,1.0,4.0,2.0,0.0,3.0,2.0,1.0,1.0,1.0,2.0,0.0,2.0,0.0,Mildly familiar (I know a bit about what it is),I think it's a good solution for food chain problems but my only concern is whether eating cultures meat would cause health problems in the long-run.,Definitely yes,No,,A 30% discount,No,Grown,4.0,4.0,2.0,42.0,19.0,61.0,22.0,1,-2.0,4,1.0,3.0,0,2,A 30% discount,-30.0,-0.4215,-1
Female,20,Very liberal,Meat eater,Prefer not to say,Prefer not to say,High school diploma,0.0,3.0,3.0,3.0,4.0,1.0,4.0,1.0,4.0,4.0,4.0,1.0,0.0,2.0,3.0,1.0,0.0,4.0,0.0,0.0,3.0,0.0,2.0,1.0,4.0,0.0,A tiny bit familiar (I have heard the term but don't know anything about it),"I won't be opposed to eating it, but sometimes they don't taste good.",Definitely yes,No,,A 40% discount,Maybe,Grown,1.0,1.0,3.0,30.0,20.0,50.0,20.0,2,-2.0,3,,,-1,2,A 40% discount,-40.0,-0.4782,0
Male,22,Moderate,Meat eater,"$0 to $24,999",Prefer not to say,High school diploma,1.0,3.0,2.0,0.0,1.0,1.0,0.0,1.0,4.0,2.0,3.0,3.0,3.0,2.0,3.0,3.0,4.0,4.0,2.0,0.0,4.0,4.0,4.0,1.0,4.0,0.0,Not at all familiar (never heard of it before),sounds p cool,Definitely yes,No,,A 10% discount,No,Grown,2.0,4.0,3.0,30.0,35.0,65.0,22.0,0,-2.0,3,1.0,,-2,2,A 10% discount,-10.0,0.3182,-1
Female,21,Moderate,Meat eater,"$0 to $24,999","$100,000 to $149,999",High school diploma,3.0,4.0,1.0,2.0,2.0,2.0,0.0,1.0,0.0,0.0,1.0,3.0,0.0,2.0,4.0,2.0,2.0,1.0,0.0,0.0,1.0,1.0,3.0,2.0,1.0,0.0,A tiny bit familiar (I have heard the term but don't know anything about it),It seems to be positive for animal protection and environment.,Definitely yes,Maybe,Up to a 20% premium,,Maybe,Grown,3.0,2.0,3.0,23.0,19.0,42.0,21.0,0,-2.0,3,1.0,5.0,-1,2,Up to a 20% premium,20.0,0.5574,0
Female,19,Very liberal,Vegan,"$0 to $24,999","$100,000 to $149,999",High school diploma,0.0,0.0,0.0,1.0,3.0,1.0,1.0,4.0,2.0,0.0,3.0,3.0,2.0,1.0,1.0,2.0,0.0,1.0,2.0,0.0,3.0,2.0,3.0,1.0,2.0,0.0,"Reasonably familiar (I have some exposure to the concepts, technology, and progress)",I think it is pretty cool because if we can limit the amount of animals we are breeding for food it's a good thing,Probably yes,Maybe,Up to a 20% premium,,Maybe,Manufactured,4.0,3.0,0.0,22.0,18.0,40.0,19.0,2,2.0,3,1.0,5.0,1,1,Up to a 20% premium,20.0,0.8126,0
Female,20,Somewhat liberal,Meat eater,"$0 to $24,999","$0 to $24,999",High school diploma,3.0,1.0,2.0,1.0,0.0,0.0,0.0,3.0,0.0,1.0,4.0,1.0,4.0,3.0,4.0,1.0,0.0,2.0,0.0,1.0,4.0,1.0,4.0,0.0,1.0,0.0,A tiny bit familiar (I have heard the term but don't know anything about it),It's fine,Probably yes,No,,A 20% discount,No,Grown,2.0,3.0,1.0,20.0,21.0,41.0,20.0,1,-2.0,3,1.0,1.0,-1,1,A 20% discount,-20.0,0.2023,-1
Female,20,Somewhat liberal,Meat eater,"$0 to $24,999","$50,000 to $74,999",High school diploma,3.0,3.0,1.0,2.0,4.0,3.0,1.0,4.0,4.0,3.0,3.0,4.0,4.0,2.0,3.0,3.0,1.0,3.0,3.0,1.0,4.0,4.0,2.0,3.0,3.0,0.0,Not at all familiar (never heard of it before),I think it's pretty cool ,Might or might not,No,,A 50% discount,Maybe,Manufactured,3.0,2.0,0.0,37.0,32.0,69.0,20.0,1,-2.0,3,1.0,3.0,-2,0,A 50% discount,-50.0,0.6705,0
Female,20,Somewhat liberal,Meat eater,"$0 to $24,999","$50,000 to $74,999",High school diploma,3.0,4.0,1.0,2.0,3.0,4.0,1.0,2.0,4.0,3.0,4.0,4.0,3.0,2.0,3.0,4.0,1.0,4.0,4.0,2.0,4.0,4.0,2.0,3.0,4.0,0.0,Not at all familiar (never heard of it before),it's pretty sick,Probably yes,No,,A 40% discount,Maybe,Manufactured,3.0,2.0,2.0,40.0,37.0,77.0,20.0,1,-2.0,3,1.0,3.0,-2,1,A 40% discount,-40.0,-0.0258,0
Female,18,Somewhat liberal,Meat eater,"$0 to $24,999","$50,000 to $74,999",High school diploma,4.0,4.0,0.0,0.0,4.0,4.0,4.0,0.0,4.0,4.0,4.0,3.0,4.0,4.0,4.0,4.0,0.0,4.0,4.0,0.0,4.0,4.0,4.0,3.0,4.0,0.0,A tiny bit familiar (I have heard the term but don't know anything about it),I do not want to try it. I prefer normal animal meat,Definitely not,No,,None of the discounts listed here would convince me to purchase cultured meat.,No,Grown,4.0,4.0,4.0,51.0,39.0,90.0,18.0,1,-2.0,3,1.0,3.0,-1,-2,None of the discounts listed here would convince me to purchase cultured meat.,,-0.0572,-1
Male,22,Somewhat liberal,Meat eater,"$0 to $24,999",Prefer not to say,High school diploma,4.0,0.0,4.0,1.0,3.0,2.0,0.0,4.0,2.0,0.0,4.0,0.0,1.0,3.0,4.0,0.0,2.0,2.0,1.0,1.0,2.0,1.0,1.0,0.0,1.0,0.0,A tiny bit familiar (I have heard the term but don't know anything about it),"The human race continually destroys our own ecosystem year after year in order to survive; this includes killing animals for meat. If the effects of growing cultured meat is better for the planet than killing animals, and the cultured meat doesn't taste bad, then I fully support its development.",Definitely yes,Maybe,Up to a 20% premium,,Yes,Manufactured,0.0,3.0,0.0,19.0,18.0,37.0,22.0,1,-2.0,3,1.0,,-1,2,Up to a 20% premium,20.0,-0.6068,1
Male,21,Moderate,Meat eater,"$0 to $24,999","$0 to $24,999",Associate's degree,4.0,1.0,0.0,2.0,0.0,1.0,0.0,3.0,3.0,4.0,3.0,1.0,3.0,0.0,2.0,2.0,2.0,3.0,4.0,1.0,4.0,3.0,2.0,0.0,0.0,0.0,Mildly familiar (I know a bit about what it is),I believe that it is a for a good cause. There is no slaughtering of animals which is a good thing.,Definitely yes,Maybe,Up to a 20% premium,,Maybe,Manufactured,4.0,2.0,1.0,27.0,23.0,50.0,21.0,0,-2.0,4,1.0,1.0,0,2,Up to a 20% premium,20.0,0.5574,0
Male,25,Moderate,Meat eater,"$0 to $24,999","$0 to $24,999",Associate's degree,2.0,1.0,0.0,0.0,0.0,0.0,3.0,1.0,4.0,3.0,3.0,1.0,3.0,3.0,1.0,2.0,4.0,4.0,3.0,2.0,3.0,3.0,3.0,3.0,4.0,1.0,Not at all familiar (never heard of it before),It sounds interesting but I would need time to study its effects before I consumed it on a regular basis myself. ,Probably not,No,,None of the discounts listed here would convince me to purchase cultured meat.,Maybe,Manufactured,4.0,4.0,3.0,31.0,36.0,67.0,25.0,0,-2.0,4,1.0,1.0,-2,-1,None of the discounts listed here would convince me to purchase cultured meat.,,0.2144,0
Non-binary / third gender,20,Somewhat liberal,Meat eater,"$0 to $24,999","$25,000 to $49,999",High school diploma,3.0,1.0,1.0,1.0,1.0,2.0,0.0,4.0,1.0,1.0,3.0,3.0,1.0,1.0,4.0,2.0,1.0,1.0,1.0,1.0,4.0,2.0,1.0,1.0,2.0,1.0,Mildly familiar (I know a bit about what it is),it sounds really cool and an interesting alternative ,Probably yes,Maybe,Up to a 10% premium,,Yes,Manufactured,3.0,3.0,0.0,22.0,22.0,44.0,20.0,1,-2.0,3,1.0,2.0,0,1,Up to a 10% premium,10.0,0.6478,1
Female,20,Somewhat liberal,Meat eater,"$0 to $24,999",Prefer not to say,High school diploma,3.0,4.0,4.0,1.0,2.0,4.0,0.0,3.0,1.0,0.0,2.0,3.0,0.0,0.0,3.0,3.0,1.0,2.0,1.0,2.0,4.0,0.0,2.0,0.0,1.0,0.0,A tiny bit familiar (I have heard the term but don't know anything about it),I think it is just meat and I'm fine with it,Probably yes,No,,A 50% discount,No,Manufactured,0.0,3.0,1.0,23.0,19.0,42.0,20.0,1,-2.0,3,1.0,,-1,1,A 50% discount,-50.0,0.2023,-1
Female,21,Somewhat liberal,Meat eater,"$0 to $24,999","$25,000 to $49,999",High school diploma,2.0,3.0,0.0,0.0,3.0,2.0,2.0,3.0,3.0,1.0,4.0,4.0,0.0,1.0,2.0,2.0,1.0,3.0,3.0,1.0,3.0,2.0,3.0,0.0,1.0,1.0,Mildly familiar (I know a bit about what it is),Cultured meat seems like a good idea. It seems like there is much less waste with growing meat rather than having to kill animals. It would also be a good option for people that need a lot of protein.,Definitely yes,Maybe,Up to a 30% premium,,Maybe,Manufactured,4.0,4.0,1.0,33.0,23.0,56.0,21.0,1,-2.0,3,1.0,2.0,0,2,Up to a 30% premium,30.0,0.4641,0
Female,22,Moderate,Meat eater,"$0 to $24,999",Prefer not to say,High school diploma,3.0,2.0,2.0,1.0,3.0,2.0,2.0,1.0,3.0,2.0,3.0,2.0,2.0,2.0,2.0,3.0,3.0,3.0,1.0,1.0,2.0,3.0,2.0,2.0,3.0,0.0,A tiny bit familiar (I have heard the term but don't know anything about it),"I think that perhaps they are going in the right direction to help the environment, but I would probably wait a few more years until they have perfected their meat until I try it. ",Probably yes,No,,A 30% discount,Maybe,Manufactured,2.0,3.0,3.0,32.0,27.0,59.0,22.0,0,-2.0,3,1.0,,-1,1,A 30% discount,-30.0,0.7845,0
Female,18,Moderate,Meat eater,Prefer not to say,Prefer not to say,High school diploma,4.0,3.0,0.0,4.0,2.0,4.0,2.0,4.0,4.0,4.0,3.0,1.0,4.0,2.0,3.0,4.0,3.0,3.0,2.0,2.0,2.0,3.0,2.0,2.0,4.0,1.0,Not at all familiar (never heard of it before),"After finding out what culture meat is, I don't know what to feel but to feel in a way a little disgusted. ",Probably not,No,,None of the discounts listed here would convince me to purchase cultured meat.,No,Grown,4.0,0.0,0.0,35.0,33.0,68.0,18.0,0,-2.0,3,,,-2,-1,None of the discounts listed here would convince me to purchase cultured meat.,,-0.6322,-1
Female,20,Somewhat liberal,Meat eater,"$0 to $24,999","$0 to $24,999",High school diploma,1.0,4.0,0.0,0.0,1.0,3.0,3.0,1.0,4.0,3.0,1.0,3.0,4.0,4.0,3.0,3.0,4.0,3.0,3.0,3.0,3.0,2.0,4.0,1.0,4.0,2.0,A tiny bit familiar (I have heard the term but don't know anything about it),too much chemicals used,Might or might not,No,,A 40% discount,Maybe,Manufactured,4.0,4.0,3.0,38.0,39.0,77.0,20.0,1,-2.0,3,1.0,1.0,-1,0,A 40% discount,-40.0,0.0,0
Female,18,Very conservative,Meat eater,"$0 to $24,999","$75,000 to $99,999",High school diploma,4.0,2.0,1.0,1.0,3.0,4.0,4.0,0.0,2.0,0.0,1.0,1.0,3.0,2.0,4.0,3.0,3.0,4.0,4.0,3.0,4.0,4.0,4.0,1.0,3.0,2.0,Not at all familiar (never heard of it before),I would rather eat the real meat.,Might or might not,No,,A 30% discount,No,Manufactured,3.0,3.0,4.0,34.0,41.0,75.0,18.0,-2,-2.0,3,1.0,4.0,-2,0,A 30% discount,-30.0,0.0,-1
Female,21,Somewhat liberal,Meat eater,"$0 to $24,999","$100,000 to $149,999",High school diploma,1.0,3.0,3.0,0.0,3.0,4.0,4.0,0.0,3.0,0.0,3.0,3.0,3.0,1.0,4.0,3.0,2.0,4.0,3.0,3.0,4.0,4.0,3.0,1.0,3.0,0.0,Mildly familiar (I know a bit about what it is),I like that it is creating a more sustainable option to eating meat and feeding the human population but for the most part I would rather avoid eating any meat than replace meat with a cultured meat substitute. While I do eat meat I tend to avoid it ,Probably yes,No,,A 20% discount,Maybe,Manufactured,1.0,4.0,4.0,36.0,35.0,71.0,21.0,1,-2.0,3,1.0,5.0,0,1,A 20% discount,-20.0,-0.5023,0
Female,21,Moderate,Meat eater,"$0 to $24,999","$75,000 to $99,999",High school diploma,4.0,3.0,2.0,0.0,2.0,3.0,3.0,0.0,4.0,1.0,4.0,4.0,4.0,4.0,4.0,3.0,4.0,4.0,2.0,3.0,4.0,3.0,2.0,4.0,4.0,0.0,Not at all familiar (never heard of it before),Can be beneficial ,Probably yes,No,,A 10% discount,No,Manufactured,2.0,4.0,4.0,42.0,41.0,83.0,21.0,0,-2.0,3,1.0,4.0,-2,1,A 10% discount,-10.0,0.4404,-1
Female,21,Somewhat liberal,Meat eater,"$0 to $24,999","$25,000 to $49,999",High school diploma,1.0,2.0,0.0,1.0,1.0,3.0,2.0,2.0,1.0,3.0,2.0,1.0,2.0,2.0,1.0,2.0,2.0,4.0,4.0,4.0,4.0,3.0,2.0,2.0,4.0,1.0,A tiny bit familiar (I have heard the term but don't know anything about it),Not any,Probably not,Maybe,Up to a 10% premium,,Maybe,Manufactured,4.0,3.0,2.0,27.0,35.0,62.0,21.0,1,-2.0,3,1.0,2.0,-1,-1,Up to a 10% premium,10.0,0.0,0
Female,21,Somewhat liberal,Meat eater,"$0 to $24,999","$25,000 to $49,999",High school diploma,1.0,3.0,0.0,0.0,1.0,1.0,2.0,1.0,4.0,4.0,3.0,1.0,4.0,4.0,3.0,2.0,1.0,4.0,3.0,1.0,3.0,2.0,3.0,0.0,4.0,1.0,A tiny bit familiar (I have heard the term but don't know anything about it),"It seems like an interesting idea, however, I'm curious how sustainable it is and if it is a viable alternative to how we get meat now.",Probably yes,No,,A 50% discount,No,Grown,4.0,4.0,3.0,35.0,31.0,66.0,21.0,1,-2.0,3,1.0,2.0,-1,1,A 50% discount,-50.0,0.7579,-1
Female,20,Very liberal,Meat eater,"$50,000 to $74,999","$150,000 or greater",High school diploma,1.0,2.0,2.0,0.0,1.0,4.0,0.0,4.0,1.0,4.0,4.0,0.0,1.0,0.0,3.0,1.0,1.0,1.0,4.0,0.0,4.0,4.0,4.0,2.0,1.0,0.0,Not at all familiar (never heard of it before),"I think that it would be a great solution to killing animals for meat and farms that are abusive to animals used for meat. But, I would want to see testing on how humans react to eating this meat long term before I eat it. ",Might or might not,No,,A 50% discount,Maybe,Grown,2.0,4.0,0.0,24.0,25.0,49.0,20.0,2,-2.0,3,3.0,6.0,-2,0,A 50% discount,-50.0,-0.1655,0
Female,20,Moderate,Meat eater,Prefer not to say,Prefer not to say,High school diploma,3.0,2.0,2.0,2.0,2.0,3.0,2.0,3.0,2.0,3.0,3.0,2.0,3.0,3.0,3.0,2.0,3.0,2.0,3.0,3.0,2.0,3.0,2.0,3.0,2.0,2.0,Not at all familiar (never heard of it before),its a novel idea to me,Might or might not,Maybe,Up to a 20% premium,,Maybe,Manufactured,2.0,2.0,1.0,30.0,33.0,63.0,20.0,0,-2.0,3,,,-2,0,Up to a 20% premium,20.0,0.3182,0
Female,19,Somewhat liberal,Meat eater,"$0 to $24,999","$100,000 to $149,999",High school diploma,1.0,2.0,3.0,3.0,4.0,2.0,3.0,2.0,4.0,2.0,3.0,1.0,1.0,2.0,4.0,3.0,1.0,4.0,3.0,1.0,4.0,2.0,4.0,1.0,2.0,0.0,Not at all familiar (never heard of it before),It sounds like genetically-engineered food to me.,Probably yes,Maybe,Up to a 10% premium,,No,Grown,1.0,1.0,2.0,27.0,31.0,58.0,19.0,1,-2.0,3,1.0,5.0,-2,1,Up to a 10% premium,10.0,0.3612,-1
Female,21,Very liberal,Meat eater,"$0 to $24,999","$150,000 or greater",High school diploma,3.0,4.0,3.0,0.0,1.0,4.0,4.0,0.0,4.0,2.0,4.0,1.0,3.0,0.0,4.0,2.0,0.0,4.0,2.0,1.0,4.0,4.0,2.0,2.0,4.0,0.0,A tiny bit familiar (I have heard the term but don't know anything about it),"It seems like it could be a better alternative to typical meat, if there are no unnatural chemicals/pesticides/etc. I don't know if it's worth it at this point given the high cost, and it might not be better than meat from local farmers, but other than that I think it could be decent.",Probably yes,No,,A 20% discount,Maybe,Grown,1.0,4.0,4.0,39.0,29.0,68.0,21.0,2,-2.0,3,1.0,6.0,-1,1,A 20% discount,-20.0,0.5423,0
Female,19,Very liberal,Meat eater,"$0 to $24,999","$25,000 to $49,999",High school diploma,4.0,3.0,0.0,3.0,4.0,2.0,0.0,3.0,2.0,2.0,3.0,3.0,4.0,0.0,3.0,3.0,0.0,3.0,4.0,2.0,4.0,3.0,4.0,3.0,0.0,2.0,A tiny bit familiar (I have heard the term but don't know anything about it),"At first, it sounds like a brilliant idea but just like other more sustainable options it is very expensive, which defies the culture of sustainability. ",Probably yes,No,,A 20% discount,No,Manufactured,4.0,1.0,1.0,33.0,31.0,64.0,19.0,2,-2.0,3,1.0,2.0,-1,1,A 20% discount,-20.0,0.7506,-1
Female,19,Very liberal,Meat eater,"$0 to $24,999","$25,000 to $49,999",High school diploma,4.0,3.0,0.0,2.0,4.0,4.0,2.0,2.0,3.0,1.0,3.0,3.0,3.0,0.0,2.0,3.0,0.0,3.0,4.0,2.0,3.0,2.0,4.0,2.0,0.0,1.0,A tiny bit familiar (I have heard the term but don't know anything about it),Cultured meat sounds like an amazing idea but I can't ignore the price. ,Probably yes,Maybe,Up to a 10% premium,,No,Grown,4.0,2.0,2.0,38.0,26.0,64.0,19.0,2,-2.0,3,1.0,2.0,-1,1,Up to a 10% premium,10.0,0.7018,-1
Female,21,Somewhat liberal,Meat eater,"$25,000 to $49,999","$150,000 or greater",Associate's degree,3.0,1.0,3.0,1.0,3.0,3.0,2.0,1.0,3.0,2.0,2.0,3.0,3.0,2.0,1.0,1.0,1.0,4.0,2.0,3.0,2.0,4.0,4.0,1.0,4.0,1.0,A tiny bit familiar (I have heard the term but don't know anything about it),I think it it great it if can help with environmental changes.,Probably yes,Maybe,Up to a 10% premium,,Maybe,Manufactured,1.0,3.0,3.0,32.0,30.0,62.0,21.0,1,-2.0,4,2.0,6.0,-1,1,Up to a 10% premium,10.0,0.7783,0
Female,18,Somewhat liberal,White meat only,"$0 to $24,999","$25,000 to $49,999",High school diploma,3.0,0.0,0.0,3.0,1.0,0.0,1.0,1.0,1.0,1.0,1.0,3.0,2.0,2.0,1.0,2.0,1.0,2.0,0.0,0.0,1.0,2.0,2.0,2.0,4.0,0.0,Not at all familiar (never heard of it before),I feel like it has potential. It would be a great tool when animals are running low.,Probably yes,Maybe,Up to a 10% premium,,Maybe,Grown,4.0,1.0,3.0,21.0,19.0,40.0,18.0,1,-1.0,3,1.0,2.0,-2,1,Up to a 10% premium,10.0,0.6705,0
Female,21,Very liberal,White meat only,"$0 to $24,999","$150,000 or greater",Associate's degree,4.0,4.0,0.0,0.0,3.0,4.0,0.0,1.0,1.0,2.0,1.0,1.0,3.0,3.0,3.0,2.0,1.0,4.0,0.0,0.0,3.0,2.0,1.0,0.0,3.0,0.0,A tiny bit familiar (I have heard the term but don't know anything about it),"sounds very cool, I used to be vegetarian and try not to eat much meat",Definitely yes,Maybe,Up to a 30% premium,,Yes,Grown,4.0,4.0,3.0,34.0,22.0,56.0,21.0,2,-1.0,4,1.0,6.0,-1,2,Up to a 30% premium,30.0,0.3804,1
Male,21,Moderate,Meat eater,"$0 to $24,999",Prefer not to say,High school diploma,0.0,0.0,3.0,3.0,0.0,0.0,3.0,4.0,2.0,1.0,0.0,0.0,0.0,0.0,0.0,1.0,1.0,4.0,0.0,0.0,1.0,2.0,2.0,0.0,3.0,0.0,A tiny bit familiar (I have heard the term but don't know anything about it),i like the idea,Definitely yes,No,,A 50% discount,Maybe,Manufactured,1.0,1.0,0.0,8.0,14.0,22.0,21.0,0,-2.0,3,1.0,,-1,2,A 50% discount,-50.0,0.3612,0
Male,32,Moderate,Meat eater,"$0 to $24,999","$0 to $24,999",Associate's degree,3.0,1.0,0.0,4.0,1.0,2.0,3.0,1.0,4.0,4.0,3.0,1.0,3.0,3.0,1.0,1.0,1.0,4.0,0.0,1.0,1.0,2.0,0.0,0.0,1.0,0.0,Mildly familiar (I know a bit about what it is),"In my opinion, if cultured meat is taste similar to the real meat and also contains the same or similar nutrition, I will definitely want to eat it. Eating cultured meat is a good way to save other animals' lives as well as save our planet from global warming because of breeding.",Definitely yes,Maybe,Up to a 50% premium,,Maybe,Grown,4.0,0.0,3.0,32.0,15.0,47.0,32.0,0,-2.0,4,1.0,1.0,0,2,Up to a 50% premium,50.0,0.9325,0
Non-binary / third gender,21,Very liberal,Meat eater,"$0 to $24,999",Prefer not to say,High school diploma,3.0,2.0,4.0,1.0,4.0,2.0,1.0,2.0,2.0,0.0,3.0,2.0,3.0,2.0,4.0,3.0,0.0,2.0,3.0,2.0,4.0,1.0,4.0,1.0,4.0,0.0,Mildly familiar (I know a bit about what it is),open to it because it is more humane and efficient ,Definitely yes,Maybe,Up to a 10% premium,,Maybe,Grown,0.0,3.0,2.0,27.0,30.0,57.0,21.0,2,-2.0,3,1.0,,0,2,Up to a 10% premium,10.0,0.4703,0
Male,19,Somewhat liberal,Meat eater,"$0 to $24,999","$75,000 to $99,999",High school diploma,4.0,1.0,0.0,1.0,3.0,4.0,4.0,1.0,3.0,4.0,4.0,3.0,3.0,0.0,1.0,1.0,0.0,3.0,0.0,0.0,3.0,2.0,2.0,0.0,2.0,0.0,A tiny bit familiar (I have heard the term but don't know anything about it),"I think that although it is a similar process to yogurt and beer, the idea of eating meat that has been grown in a lab is somewhat off-putting to me.",Probably not,No,,A 50% discount,No,Manufactured,4.0,3.0,3.0,43.0,14.0,57.0,19.0,1,-2.0,3,1.0,4.0,-1,-1,A 50% discount,-50.0,0.0,-1
Female,20,Very liberal,Meat eater,"$0 to $24,999","$75,000 to $99,999",High school diploma,1.0,1.0,1.0,1.0,1.0,4.0,3.0,1.0,1.0,0.0,1.0,1.0,1.0,0.0,3.0,3.0,0.0,1.0,4.0,2.0,3.0,3.0,2.0,1.0,1.0,0.0,Mildly familiar (I know a bit about what it is),"If it tastes good, and they could price it normally, I would be in full support of it replacing the current method of meat production",Probably yes,Maybe,Up to a 20% premium,,Maybe,Manufactured,3.0,3.0,3.0,23.0,23.0,46.0,20.0,2,-2.0,3,1.0,4.0,0,1,Up to a 20% premium,20.0,0.6808,0
Female,20,Somewhat liberal,Meat eater,"$0 to $24,999","$100,000 to $149,999",High school diploma,1.0,3.0,3.0,1.0,2.0,4.0,4.0,0.0,4.0,1.0,3.0,2.0,3.0,3.0,3.0,2.0,1.0,4.0,2.0,1.0,3.0,3.0,3.0,0.0,4.0,1.0,A tiny bit familiar (I have heard the term but don't know anything about it),It seems weird,Probably not,No,,A 50% discount,No,Manufactured,1.0,3.0,4.0,35.0,30.0,65.0,20.0,1,-2.0,3,1.0,5.0,-1,-1,A 50% discount,-50.0,-0.1779,-1
Male,20,Very liberal,Vegetarian,"$0 to $24,999","$150,000 or greater",High school diploma,4.0,3.0,0.0,1.0,1.0,2.0,4.0,0.0,4.0,3.0,0.0,4.0,1.0,4.0,0.0,3.0,0.0,4.0,2.0,2.0,4.0,3.0,2.0,0.0,4.0,0.0,"Reasonably familiar (I have some exposure to the concepts, technology, and progress)","I have some discomfort due to the foreignness of the concept, but in theory, it seems like a promising alternative to traditional meat products. ",Definitely yes,No,,A 10% discount,Yes,Grown,4.0,3.0,4.0,37.0,28.0,65.0,20.0,2,2.0,3,1.0,6.0,1,2,A 10% discount,-10.0,0.7096,1
Male,20,Very liberal,Meat eater,"$0 to $24,999","$150,000 or greater",High school diploma,0.0,2.0,0.0,0.0,3.0,4.0,4.0,0.0,4.0,2.0,3.0,3.0,4.0,4.0,3.0,3.0,3.0,4.0,3.0,4.0,4.0,4.0,4.0,2.0,3.0,0.0,Mildly familiar (I know a bit about what it is),"I think it is exciting especially if it is more environmentally sustainable and humane to animals, and I want to try it when it becomes commercially available. ",Definitely yes,Yes,Up to a 50% premium,,Yes,Grown,4.0,4.0,4.0,41.0,41.0,82.0,20.0,2,-2.0,3,1.0,6.0,0,2,Up to a 50% premium,50.0,0.5423,1
Female,19,Somewhat liberal,Meat eater,"$0 to $24,999","$100,000 to $149,999",High school diploma,4.0,4.0,1.0,0.0,3.0,4.0,4.0,1.0,4.0,4.0,2.0,2.0,4.0,4.0,4.0,4.0,3.0,4.0,4.0,2.0,4.0,4.0,4.0,1.0,4.0,1.0,Not at all familiar (never heard of it before),"could be better for the environment, interesting concept",Might or might not,Maybe,Up to a 20% premium,,No,Grown,3.0,4.0,3.0,45.0,43.0,88.0,19.0,1,-2.0,3,1.0,5.0,-2,0,Up to a 20% premium,20.0,0.6808,-1
Female,19,Very liberal,Meat eater,"$0 to $24,999",Prefer not to say,High school diploma,3.0,3.0,1.0,0.0,4.0,4.0,3.0,1.0,3.0,1.0,2.0,2.0,3.0,2.0,3.0,2.0,1.0,3.0,1.0,1.0,3.0,3.0,3.0,1.0,4.0,0.0,Mildly familiar (I know a bit about what it is),"I don't know enough about it to form an opinion. Before I tried it, I'd probably look into potential adverse health effects.",Might or might not,No,,A 40% discount,No,Manufactured,3.0,4.0,3.0,38.0,27.0,65.0,19.0,2,-2.0,3,1.0,,0,0,A 40% discount,-40.0,-0.3612,-1
Female,20,Somewhat conservative,Meat eater,Prefer not to say,Prefer not to say,High school diploma,1.0,1.0,0.0,1.0,2.0,2.0,3.0,2.0,4.0,0.0,1.0,1.0,2.0,2.0,2.0,3.0,2.0,4.0,1.0,0.0,3.0,4.0,2.0,1.0,3.0,0.0,A tiny bit familiar (I have heard the term but don't know anything about it),I think that if I were given cultured meat I would not know the difference. But the process and development of this meat seems a lot more environmentally and animal friendly which I support.,Probably yes,No,,A 30% discount,Maybe,Grown,4.0,3.0,2.0,26.0,27.0,53.0,20.0,-1,-2.0,3,,,-1,1,A 30% discount,-30.0,0.8338,0
Female,22,Somewhat liberal,White meat only,"$0 to $24,999","$100,000 to $149,999",Associate's degree,3.0,3.0,3.0,2.0,1.0,3.0,2.0,0.0,4.0,4.0,2.0,3.0,4.0,4.0,1.0,2.0,0.0,4.0,2.0,2.0,1.0,3.0,2.0,0.0,4.0,0.0,Mildly familiar (I know a bit about what it is),not sure,Probably yes,No,,A 30% discount,Yes,Manufactured,1.0,2.0,4.0,36.0,25.0,61.0,22.0,1,-1.0,4,1.0,5.0,0,1,A 30% discount,-30.0,-0.2411,1
Male,21,Moderate,Meat eater,"$0 to $24,999","$0 to $24,999",High school diploma,4.0,0.0,2.0,1.0,0.0,0.0,4.0,1.0,2.0,1.0,2.0,1.0,0.0,2.0,3.0,3.0,1.0,3.0,0.0,0.0,4.0,3.0,4.0,2.0,4.0,0.0,A tiny bit familiar (I have heard the term but don't know anything about it),"I'm indifferent because it seems like it's the same as slaughtered meat, but I'm doubtful that it's exactly the same",Probably yes,No,,A 40% discount,No,Grown,2.0,3.0,3.0,22.0,29.0,51.0,21.0,0,-2.0,3,1.0,1.0,-1,1,A 40% discount,-40.0,-0.4118,-1
Female,25,Moderate,Meat eater,"$0 to $24,999","$50,000 to $74,999",Associate's degree,3.0,1.0,3.0,0.0,2.0,2.0,0.0,3.0,2.0,0.0,2.0,1.0,0.0,2.0,3.0,4.0,1.0,4.0,4.0,0.0,3.0,4.0,4.0,2.0,4.0,0.0,Not at all familiar (never heard of it before),"It's fine as long as it's not harming those who consume it or using more resources (worse for the environment) than raising meat animals the traditional way. If it is worse environmentally &/or worse for consumers health, no need to put dairy farms out of business and job loss.",Probably yes,No,,A 30% discount,No,Manufactured,1.0,4.0,1.0,19.0,35.0,54.0,25.0,0,-2.0,4,1.0,3.0,-2,1,A 30% discount,-30.0,-0.7163,-1
Female,20,Somewhat liberal,Meat eater,"$0 to $24,999",Prefer not to say,High school diploma,4.0,4.0,0.0,0.0,3.0,4.0,4.0,4.0,4.0,3.0,4.0,4.0,4.0,2.0,4.0,4.0,4.0,4.0,4.0,3.0,3.0,4.0,4.0,3.0,4.0,0.0,A tiny bit familiar (I have heard the term but don't know anything about it),It seems more ethical and better for the environment than regular meat. I have fairly positive feelings about it. I would have more positive feelings if it wasn't so expensive. ,Probably yes,No,,A 40% discount,No,Manufactured,4.0,4.0,0.0,46.0,43.0,89.0,20.0,1,-2.0,3,1.0,,-1,1,A 40% discount,-40.0,0.932,-1
Female,21,Moderate,Meat eater,"$0 to $24,999","$0 to $24,999",High school diploma,4.0,3.0,0.0,1.0,4.0,4.0,2.0,1.0,3.0,4.0,4.0,2.0,4.0,4.0,2.0,2.0,2.0,4.0,2.0,0.0,4.0,2.0,3.0,1.0,4.0,0.0,Not at all familiar (never heard of it before),good for the animals !,Definitely yes,Yes,Up to a 10% premium,,Yes,Grown,4.0,3.0,3.0,44.0,30.0,74.0,21.0,0,-2.0,3,1.0,1.0,-2,2,Up to a 10% premium,10.0,0.4926,1
Female,20,Somewhat liberal,Meat eater,"$0 to $24,999",Prefer not to say,High school diploma,4.0,3.0,0.0,0.0,3.0,4.0,4.0,3.0,4.0,4.0,4.0,3.0,4.0,3.0,4.0,4.0,4.0,4.0,4.0,3.0,3.0,4.0,4.0,3.0,4.0,0.0,Not at all familiar (never heard of it before),"I think it would be better for the environment and a good alternative to real meat. I have slightly positive feelings about it, but I would have more positive feelings if it was cheaper. ",Probably yes,No,,A 40% discount,No,Grown,4.0,4.0,1.0,46.0,44.0,90.0,20.0,1,-2.0,3,1.0,,-2,1,A 40% discount,-40.0,0.8595,-1
Female,20,Moderate,Meat eater,"$0 to $24,999","$0 to $24,999",Bachelor's degree,0.0,3.0,0.0,2.0,0.0,0.0,0.0,1.0,4.0,3.0,4.0,1.0,3.0,2.0,1.0,4.0,3.0,4.0,1.0,0.0,3.0,1.0,3.0,0.0,2.0,0.0,A tiny bit familiar (I have heard the term but don't know anything about it),Def not a bad alternative,Might or might not,Maybe,Up to a 10% premium,,Maybe,Grown,4.0,2.0,3.0,27.0,24.0,51.0,20.0,0,-2.0,5,1.0,1.0,-1,0,Up to a 10% premium,10.0,0.431,0
Female,21,Somewhat liberal,Meat eater,"$0 to $24,999","$25,000 to $49,999",High school diploma,4.0,4.0,0.0,0.0,2.0,0.0,0.0,1.0,0.0,0.0,3.0,2.0,2.0,2.0,3.0,3.0,3.0,3.0,3.0,3.0,4.0,3.0,4.0,1.0,4.0,0.0,A tiny bit familiar (I have heard the term but don't know anything about it),It's okay,Probably yes,Maybe,Up to a 20% premium,,Maybe,Manufactured,4.0,4.0,3.0,28.0,36.0,64.0,21.0,1,-2.0,3,1.0,2.0,-1,1,Up to a 20% premium,20.0,0.2263,0
Male,24,Moderate,Meat eater,"$0 to $24,999","$25,000 to $49,999",Associate's degree,4.0,3.0,2.0,2.0,3.0,2.0,2.0,3.0,4.0,4.0,3.0,4.0,3.0,2.0,4.0,1.0,0.0,4.0,2.0,1.0,4.0,2.0,3.0,3.0,2.0,0.0,Not at all familiar (never heard of it before),depends on the taste,Probably yes,No,,A 50% discount,Maybe,Manufactured,2.0,2.0,1.0,37.0,28.0,65.0,24.0,0,-2.0,4,1.0,2.0,-2,1,A 50% discount,-50.0,0.0,0
Female,21,Very conservative,Meat eater,"$25,000 to $49,999","$75,000 to $99,999",Associate's degree,1.0,0.0,2.0,3.0,1.0,1.0,0.0,1.0,1.0,1.0,1.0,1.0,1.0,1.0,0.0,1.0,1.0,2.0,3.0,0.0,1.0,0.0,4.0,1.0,1.0,0.0,A tiny bit familiar (I have heard the term but don't know anything about it),I am interested in learning more,Definitely yes,No,,A 20% discount,Maybe,Grown,2.0,1.0,3.0,14.0,15.0,29.0,21.0,-2,-2.0,4,2.0,4.0,-1,2,A 20% discount,-20.0,0.4019,0
Female,19,Very liberal,Pescatarian (seafood only),"$0 to $24,999",Prefer not to say,High school diploma,4.0,2.0,0.0,0.0,4.0,2.0,4.0,0.0,4.0,4.0,4.0,3.0,4.0,4.0,4.0,4.0,3.0,4.0,4.0,4.0,4.0,4.0,2.0,4.0,4.0,0.0,"Reasonably familiar (I have some exposure to the concepts, technology, and progress)",I think its a good idea,Probably yes,Maybe,Up to a 10% premium,,Yes,Manufactured,4.0,4.0,4.0,47.0,45.0,92.0,19.0,2,0.0,3,1.0,,1,1,Up to a 10% premium,10.0,0.4404,1
Male,24,Moderate,Meat eater,"$0 to $24,999","$150,000 or greater",Associate's degree,3.0,2.0,2.0,4.0,3.0,1.0,3.0,4.0,1.0,4.0,4.0,1.0,1.0,3.0,3.0,1.0,3.0,0.0,1.0,3.0,3.0,1.0,1.0,3.0,1.0,4.0,A tiny bit familiar (I have heard the term but don't know anything about it),It tastes good,Probably yes,Maybe,Up to a 10% premium,,Maybe,Grown,2.0,0.0,0.0,25.0,27.0,52.0,24.0,0,-2.0,4,1.0,6.0,-1,1,Up to a 10% premium,10.0,0.4404,0
Female,21,Somewhat liberal,White meat only,"$0 to $24,999","$150,000 or greater",High school diploma,0.0,4.0,0.0,0.0,2.0,0.0,0.0,2.0,1.0,2.0,1.0,0.0,0.0,4.0,2.0,1.0,0.0,3.0,3.0,0.0,4.0,4.0,4.0,0.0,4.0,1.0,Not at all familiar (never heard of it before),it sounds great! I'm a big fan of scientific discoveries that help produce food in a more environmentally friendly and cost efficient way,Definitely yes,Maybe,Up to a 10% premium,,No,Manufactured,4.0,4.0,2.0,20.0,30.0,50.0,21.0,1,-1.0,3,1.0,6.0,-2,2,Up to a 10% premium,10.0,0.94,-1
Female,21,Somewhat liberal,Meat eater,"$0 to $24,999","$150,000 or greater",Bachelor's degree,4.0,2.0,,2.0,3.0,2.0,3.0,3.0,3.0,3.0,4.0,2.0,2.0,2.0,4.0,2.0,0.0,3.0,2.0,2.0,4.0,3.0,4.0,1.0,4.0,0.0,Mildly familiar (I know a bit about what it is),I believe that it might be beneficial so we don't have to kill animals.  ,Definitely yes,Maybe,Up to a 20% premium,,Maybe,Grown,,2.0,1.0,31.0,31.0,62.0,21.0,1,-2.0,5,1.0,6.0,0,2,Up to a 20% premium,20.0,0.7676,0
Female,18,Moderate,Meat eater,"$0 to $24,999","$100,000 to $149,999",High school diploma,2.0,0.0,1.0,3.0,0.0,0.0,2.0,2.0,2.0,1.0,0.0,3.0,1.0,2.0,0.0,1.0,1.0,3.0,0.0,0.0,2.0,3.0,3.0,3.0,0.0,0.0,A tiny bit familiar (I have heard the term but don't know anything about it),I think it's an interesting idea I'd like to learn more about it.,Probably not,No,,None of the discounts listed here would convince me to purchase cultured meat.,Maybe,Manufactured,3.0,1.0,2.0,17.0,18.0,35.0,18.0,0,-2.0,3,1.0,5.0,-1,-1,None of the discounts listed here would convince me to purchase cultured meat.,,0.6369,0
Female,21,Very liberal,White meat only,"$0 to $24,999","$150,000 or greater",High school diploma,2.0,3.0,3.0,0.0,2.0,0.0,0.0,2.0,4.0,3.0,0.0,1.0,4.0,4.0,4.0,3.0,0.0,4.0,1.0,0.0,3.0,3.0,4.0,0.0,4.0,0.0,Not at all familiar (never heard of it before),I think it is a great idea,Definitely yes,Maybe,Up to a 30% premium,,Maybe,Manufactured,1.0,4.0,2.0,26.0,30.0,56.0,21.0,2,-1.0,3,1.0,6.0,-2,2,Up to a 30% premium,30.0,0.6249,0
Female,19,Somewhat liberal,Meat eater,"$0 to $24,999","$100,000 to $149,999",High school diploma,3.0,4.0,0.0,0.0,2.0,3.0,2.0,2.0,4.0,3.0,1.0,4.0,1.0,4.0,4.0,3.0,0.0,4.0,3.0,2.0,4.0,4.0,4.0,2.0,2.0,0.0,A tiny bit familiar (I have heard the term but don't know anything about it),"Honestly, I am all for it. I hate the idea of animals being killed for their meat. ",Probably yes,Maybe,Up to a 20% premium,,Maybe,Manufactured,4.0,4.0,2.0,37.0,36.0,73.0,19.0,1,-2.0,3,1.0,5.0,-1,1,Up to a 20% premium,20.0,-0.7351,0
Female,21,Somewhat liberal,White meat only,"$25,000 to $49,999","$50,000 to $74,999",High school diploma,4.0,2.0,0.0,1.0,3.0,3.0,1.0,1.0,1.0,2.0,4.0,1.0,2.0,1.0,4.0,4.0,1.0,4.0,4.0,1.0,3.0,4.0,4.0,3.0,0.0,1.0,A tiny bit familiar (I have heard the term but don't know anything about it),I like how it's environmentally friendly,Probably yes,Maybe,Up to a 30% premium,,Maybe,Grown,4.0,3.0,3.0,33.0,34.0,67.0,21.0,1,-1.0,3,2.0,3.0,-1,1,Up to a 30% premium,30.0,0.6908,0
Female,23,Very liberal,Meat eater,"$0 to $24,999","$75,000 to $99,999",Associate's degree,1.0,1.0,0.0,0.0,2.0,3.0,3.0,0.0,4.0,1.0,0.0,3.0,4.0,4.0,3.0,1.0,1.0,3.0,3.0,1.0,4.0,2.0,2.0,0.0,4.0,0.0,A tiny bit familiar (I have heard the term but don't know anything about it),It sounds a bit eerie that it's real meat as opposed to fake meat like impossible burgers.,Probably yes,Maybe,Up to a 20% premium,,Maybe,Grown,4.0,4.0,4.0,34.0,28.0,62.0,23.0,2,-2.0,4,1.0,4.0,-1,1,Up to a 20% premium,20.0,-0.4767,0
Female,22,Moderate,Meat eater,"$0 to $24,999",Prefer not to say,High school diploma,2.0,2.0,2.0,1.0,3.0,2.0,2.0,1.0,3.0,1.0,3.0,2.0,2.0,2.0,3.0,3.0,3.0,3.0,1.0,1.0,2.0,3.0,3.0,2.0,3.0,1.0,A tiny bit familiar (I have heard the term but don't know anything about it),"I think that with more research and time to perfect the cultured meat, I would be open to trying it. ",Probably yes,No,,A 30% discount,No,Grown,2.0,3.0,3.0,30.0,30.0,60.0,22.0,0,-2.0,3,1.0,,-1,1,A 30% discount,-30.0,0.5719,-1
Female,19,Somewhat liberal,Meat eater,"$0 to $24,999","$75,000 to $99,999",High school diploma,1.0,4.0,3.0,0.0,4.0,4.0,4.0,0.0,1.0,2.0,1.0,1.0,1.0,2.0,1.0,2.0,1.0,4.0,0.0,1.0,4.0,1.0,2.0,1.0,2.0,0.0,A tiny bit familiar (I have heard the term but don't know anything about it),seems fine. i would eat it ,Probably yes,No,,A 30% discount,Maybe,Manufactured,1.0,4.0,4.0,32.0,21.0,53.0,19.0,1,-2.0,3,1.0,4.0,-1,1,A 30% discount,-30.0,0.2023,0
Female,18,Moderate,Vegetarian,"$0 to $24,999","$100,000 to $149,999",High school diploma,3.0,1.0,0.0,0.0,4.0,4.0,3.0,1.0,4.0,4.0,3.0,4.0,3.0,2.0,3.0,2.0,2.0,4.0,1.0,2.0,4.0,3.0,2.0,0.0,3.0,0.0,Not at all familiar (never heard of it before),People who like meat should be eating this if its accessible to them as it saves animals from being raised for the purpose of slaughter.,Probably yes,Maybe,Up to a 20% premium,,Maybe,Manufactured,4.0,4.0,3.0,44.0,28.0,72.0,18.0,0,2.0,3,1.0,5.0,-2,1,Up to a 20% premium,20.0,0.3612,0
Female,22,Somewhat liberal,Meat eater,"$0 to $24,999","$25,000 to $49,999",High school diploma,3.0,3.0,0.0,0.0,3.0,3.0,3.0,4.0,3.0,0.0,3.0,4.0,4.0,1.0,3.0,1.0,0.0,4.0,0.0,1.0,4.0,3.0,2.0,2.0,3.0,0.0,Not at all familiar (never heard of it before),"I think it is a wonderful invention that would save animals and humanity from a lot of harm, and definitely an alternative worth investing on",Definitely yes,Yes,Up to a 40% premium,,Maybe,Manufactured,4.0,4.0,0.0,37.0,24.0,61.0,22.0,1,-2.0,3,1.0,2.0,-2,2,Up to a 40% premium,40.0,0.7906,0
Female,19,Somewhat liberal,Meat eater,"$0 to $24,999","$0 to $24,999",High school diploma,4.0,4.0,1.0,0.0,3.0,2.0,1.0,3.0,4.0,3.0,0.0,1.0,3.0,2.0,1.0,1.0,0.0,3.0,2.0,1.0,1.0,1.0,2.0,1.0,4.0,0.0,A tiny bit familiar (I have heard the term but don't know anything about it),I should look into it more it seems interesting,Definitely yes,Maybe,Up to a 30% premium,,Yes,Grown,3.0,4.0,1.0,33.0,19.0,52.0,19.0,1,-2.0,3,1.0,1.0,-1,2,Up to a 30% premium,30.0,0.4522,1
Male,21,Somewhat liberal,Meat eater,"$0 to $24,999","$50,000 to $74,999",Bachelor's degree,2.0,1.0,3.0,1.0,2.0,3.0,3.0,2.0,1.0,0.0,3.0,4.0,2.0,1.0,3.0,2.0,1.0,3.0,2.0,2.0,2.0,3.0,2.0,1.0,1.0,4.0,Not at all familiar (never heard of it before),Goof for world,Definitely yes,Yes,Up to a 10% premium,,Yes,Manufactured,1.0,3.0,2.0,27.0,27.0,54.0,21.0,1,-2.0,5,1.0,3.0,-2,2,Up to a 10% premium,10.0,0.0,1
Male,21,Very liberal,Meat eater,"$25,000 to $49,999","$75,000 to $99,999",Bachelor's degree,3.0,2.0,1.0,2.0,3.0,3.0,1.0,2.0,2.0,1.0,3.0,2.0,1.0,2.0,4.0,2.0,2.0,3.0,2.0,1.0,2.0,2.0,3.0,2.0,3.0,2.0,Not at all familiar (never heard of it before),Very excellent for world,Definitely yes,Yes,Up to a 10% premium,,Yes,Grown,3.0,2.0,2.0,28.0,30.0,58.0,21.0,2,-2.0,5,2.0,4.0,-2,2,Up to a 10% premium,10.0,0.6115,1
Female,22,Moderate,Meat eater,"$0 to $24,999","$75,000 to $99,999",Associate's degree,2.0,2.0,2.0,2.0,2.0,2.0,2.0,2.0,2.0,2.0,2.0,2.0,2.0,4.0,4.0,4.0,4.0,3.0,4.0,3.0,4.0,3.0,3.0,3.0,3.0,1.0,A tiny bit familiar (I have heard the term but don't know anything about it),nothing,Probably yes,Maybe,Up to a 10% premium,,Maybe,Manufactured,2.0,2.0,2.0,26.0,43.0,69.0,22.0,0,-2.0,4,1.0,4.0,-1,1,Up to a 10% premium,10.0,0.0,0
Female,22,Moderate,Meat eater,"$0 to $24,999","$75,000 to $99,999",Associate's degree,2.0,2.0,2.0,2.0,2.0,2.0,2.0,2.0,2.0,2.0,2.0,2.0,2.0,3.0,3.0,3.0,3.0,3.0,3.0,3.0,3.0,3.0,3.0,3.0,3.0,3.0,A tiny bit familiar (I have heard the term but don't know anything about it),nothing ,Probably yes,Maybe,Up to a 10% premium,,Maybe,Manufactured,2.0,2.0,2.0,26.0,39.0,65.0,22.0,0,-2.0,4,1.0,4.0,-1,1,Up to a 10% premium,10.0,0.0,0
Female,19,Somewhat liberal,Meat eater,"$0 to $24,999","$100,000 to $149,999",High school diploma,4.0,3.0,3.0,1.0,1.0,,3.0,3.0,2.0,2.0,1.0,2.0,3.0,1.0,1.0,3.0,0.0,3.0,2.0,1.0,4.0,3.0,2.0,0.0,3.0,0.0,Mildly familiar (I know a bit about what it is),"I think given how the meat industry consumes a lot of water, it would be a great alternative rather than slaughtering billions of animals per year.",Definitely yes,Maybe,Up to a 20% premium,,Maybe,Manufactured,1.0,3.0,1.0,26.0,23.0,49.0,19.0,1,-2.0,3,1.0,5.0,0,2,Up to a 20% premium,20.0,0.6249,0
Female,22,Moderate,Meat eater,"$0 to $24,999","$150,000 or greater",Associate's degree,4.0,0.0,1.0,0.0,0.0,0.0,0.0,4.0,1.0,0.0,0.0,2.0,3.0,2.0,0.0,3.0,1.0,3.0,2.0,0.0,4.0,4.0,4.0,0.0,2.0,0.0,A tiny bit familiar (I have heard the term but don't know anything about it),I think it would be a good alternative,Definitely yes,Yes,Up to a 20% premium,,Yes,Manufactured,3.0,4.0,0.0,17.0,25.0,42.0,22.0,0,-2.0,4,1.0,6.0,-1,2,Up to a 20% premium,20.0,0.4404,1
Female,19,Very liberal,Vegetarian,"$0 to $24,999","$150,000 or greater",High school diploma,2.0,1.0,0.0,0.0,3.0,3.0,4.0,0.0,4.0,3.0,1.0,1.0,3.0,1.0,2.0,3.0,0.0,4.0,3.0,3.0,4.0,4.0,4.0,0.0,2.0,0.0,A tiny bit familiar (I have heard the term but don't know anything about it),it seems helpful to the planet and more humane. i think plant based diets would be a better altnerative,Probably yes,Yes,I would pay even more than the options listed here.,,Maybe,Manufactured,4.0,4.0,4.0,37.0,30.0,67.0,19.0,2,2.0,3,1.0,6.0,-1,1,I would pay even more than the options listed here.,,0.6908,0
Female,19,Somewhat liberal,Meat eater,"$0 to $24,999","$25,000 to $49,999",Associate's degree,2.0,4.0,3.0,0.0,4.0,4.0,4.0,0.0,3.0,2.0,1.0,1.0,2.0,3.0,3.0,2.0,1.0,4.0,0.0,1.0,4.0,2.0,2.0,1.0,3.0,0.0,A tiny bit familiar (I have heard the term but don't know anything about it),seems okay. i would eat it still,Probably yes,No,,A 40% discount,Maybe,Manufactured,1.0,4.0,4.0,36.0,26.0,62.0,19.0,1,-2.0,4,1.0,2.0,-1,1,A 40% discount,-40.0,0.2263,0
Female,21,Very liberal,Meat eater,"$0 to $24,999","$0 to $24,999",High school diploma,1.0,0.0,0.0,1.0,1.0,0.0,3.0,0.0,4.0,2.0,0.0,0.0,0.0,0.0,2.0,1.0,4.0,4.0,3.0,2.0,4.0,4.0,1.0,0.0,3.0,0.0,A tiny bit familiar (I have heard the term but don't know anything about it),"Scientifically, I understand the benefits of it and I understand that molecularly it is identical to the meat that we regularly eat. However I still feel an aversion to it because it just seems unnatural. The phrase ""growing meat"" is just weird.",Might or might not,No,,A 40% discount,No,Manufactured,4.0,3.0,4.0,22.0,28.0,50.0,21.0,2,-2.0,3,1.0,1.0,-1,0,A 40% discount,-40.0,-0.0772,-1
Female,18,Moderate,Vegetarian,"$0 to $24,999","$100,000 to $149,999",High school diploma,3.0,1.0,0.0,4.0,4.0,4.0,3.0,1.0,4.0,3.0,3.0,4.0,3.0,3.0,4.0,3.0,3.0,4.0,1.0,3.0,4.0,3.0,2.0,0.0,3.0,0.0,Not at all familiar (never heard of it before),that meat lovers should eat it if its accessable as it saves animals from being raised to be slaughtered,Probably yes,Yes,Up to a 20% premium,,Maybe,Grown,4.0,0.0,3.0,39.0,33.0,72.0,18.0,0,2.0,3,1.0,5.0,-2,1,Up to a 20% premium,20.0,0.5267,0
Female,19,Moderate,Other (please specify),"$0 to $24,999","$150,000 or greater",High school diploma,0.0,2.0,2.0,2.0,2.0,1.0,2.0,2.0,4.0,3.0,0.0,3.0,3.0,4.0,4.0,3.0,1.0,4.0,3.0,0.0,3.0,2.0,4.0,1.0,4.0,0.0,"Reasonably familiar (I have some exposure to the concepts, technology, and progress)",I don't really care as long as it tastes the same and doesn't give me food poisoning,Definitely yes,No,,A 20% discount,No,Grown,2.0,2.0,2.0,26.0,33.0,59.0,19.0,0,,3,1.0,6.0,1,2,A 20% discount,-20.0,-0.768,-1
Female,19,Somewhat liberal,Meat eater,"$0 to $24,999","$0 to $24,999",High school diploma,2.0,0.0,3.0,4.0,0.0,3.0,2.0,4.0,3.0,0.0,0.0,1.0,0.0,0.0,0.0,1.0,0.0,2.0,2.0,2.0,4.0,3.0,0.0,0.0,1.0,0.0,A tiny bit familiar (I have heard the term but don't know anything about it),I feel neutral neither disagree or agree with it but it very fascinating to know people have created that. ,Definitely yes,No,,A 30% discount,Maybe,Manufactured,1.0,0.0,0.0,12.0,15.0,27.0,19.0,1,-2.0,3,1.0,1.0,-1,2,A 30% discount,-30.0,0.8283,0
Female,18,Somewhat liberal,Meat eater,"$0 to $24,999","$25,000 to $49,999",High school diploma,1.0,0.0,2.0,0.0,1.0,1.0,1.0,1.0,1.0,1.0,1.0,1.0,1.0,1.0,1.0,1.0,1.0,1.0,0.0,0.0,1.0,1.0,1.0,1.0,3.0,0.0,A tiny bit familiar (I have heard the term but don't know anything about it),It would be interesting to use when animal supplies are running low.,Might or might not,Maybe,Up to a 10% premium,,Maybe,Manufactured,2.0,4.0,3.0,18.0,12.0,30.0,18.0,1,-2.0,3,1.0,2.0,-1,0,Up to a 10% premium,10.0,0.1531,0
Male,22,Somewhat liberal,Meat eater,"$25,000 to $49,999","$100,000 to $149,999",Associate's degree,4.0,4.0,1.0,0.0,0.0,1.0,0.0,0.0,2.0,0.0,4.0,2.0,0.0,4.0,0.0,1.0,1.0,4.0,2.0,0.0,4.0,3.0,1.0,0.0,4.0,0.0,A tiny bit familiar (I have heard the term but don't know anything about it),It's an alternative that some prefer. Not me though,Probably yes,No,,A 30% discount,No,Manufactured,3.0,4.0,4.0,28.0,24.0,52.0,22.0,1,-2.0,4,2.0,5.0,-1,1,A 30% discount,-30.0,0.0,-1
Female,20,Very liberal,Vegetarian,"$25,000 to $49,999",Prefer not to say,High school diploma,3.0,1.0,0.0,1.0,3.0,1.0,1.0,1.0,4.0,1.0,3.0,3.0,3.0,1.0,2.0,2.0,1.0,0.0,3.0,2.0,4.0,3.0,3.0,1.0,0.0,0.0,A tiny bit familiar (I have heard the term but don't know anything about it),"It sounds like a great invention for vegetarians/vegans who miss meat or people who are on the fence about it. Lab grown meat does sound a little gross, but I personally think natural meat is gross anyways. If this reduces the slaughter of animals and helps the environment then I'm all for it.",Might or might not,Maybe,Up to a 30% premium,,Yes,Manufactured,4.0,3.0,3.0,33.0,22.0,55.0,20.0,2,2.0,3,2.0,,-1,0,Up to a 30% premium,30.0,0.6169,1
Female,19,Moderate,Meat eater,"$0 to $24,999","$150,000 or greater",High school diploma,2.0,2.0,2.0,2.0,2.0,2.0,2.0,2.0,2.0,2.0,2.0,2.0,2.0,2.0,2.0,2.0,1.0,3.0,1.0,3.0,2.0,0.0,2.0,2.0,3.0,2.0,"Reasonably familiar (I have some exposure to the concepts, technology, and progress)",neutral,Might or might not,Maybe,Up to a 20% premium,,Maybe,Grown,2.0,2.0,2.0,26.0,25.0,51.0,19.0,0,-2.0,3,1.0,6.0,1,0,Up to a 20% premium,20.0,0.0,0
Male,19,Somewhat liberal,Meat eater,"$0 to $24,999","$50,000 to $74,999",High school diploma,3.0,2.0,0.0,1.0,1.0,2.0,3.0,2.0,2.0,2.0,4.0,3.0,2.0,1.0,1.0,1.0,1.0,3.0,1.0,0.0,3.0,1.0,2.0,2.0,2.0,0.0,A tiny bit familiar (I have heard the term but don't know anything about it),I think it is an interesting meat option that would be more sustainable and humane. I would be interested in trying it given the chance.,Definitely yes,Maybe,Up to a 30% premium,,Maybe,Manufactured,4.0,3.0,2.0,33.0,18.0,51.0,19.0,1,-2.0,3,1.0,3.0,-1,2,Up to a 30% premium,30.0,0.7506,0
Female,20,Somewhat conservative,Vegetarian,"$0 to $24,999","$150,000 or greater",High school diploma,2.0,2.0,2.0,2.0,2.0,2.0,2.0,2.0,2.0,2.0,2.0,2.0,2.0,2.0,2.0,2.0,2.0,2.0,2.0,2.0,2.0,2.0,2.0,2.0,2.0,2.0,Mildly familiar (I know a bit about what it is),nothing ,Probably yes,No,,A 40% discount,No,Manufactured,2.0,2.0,2.0,26.0,26.0,52.0,20.0,-1,2.0,3,1.0,6.0,0,1,A 40% discount,-40.0,0.0,-1
Female,20,Somewhat conservative,White meat only,"$50,000 to $74,999",Prefer not to say,High school diploma,2.0,2.0,2.0,2.0,2.0,2.0,2.0,2.0,2.0,2.0,2.0,2.0,2.0,2.0,2.0,2.0,2.0,2.0,2.0,2.0,2.0,2.0,2.0,2.0,2.0,2.0,"Reasonably familiar (I have some exposure to the concepts, technology, and progress)",no thoughts,Probably yes,No,,A 40% discount,No,Grown,2.0,2.0,2.0,26.0,26.0,52.0,20.0,-1,-1.0,3,3.0,,1,1,A 40% discount,-40.0,-0.296,-1
Female,20,Moderate,Other (please specify),"$0 to $24,999","$0 to $24,999",High school diploma,2.0,2.0,1.0,2.0,1.0,4.0,3.0,1.0,1.0,3.0,1.0,1.0,3.0,1.0,1.0,3.0,3.0,3.0,3.0,3.0,3.0,3.0,3.0,3.0,3.0,3.0,Not at all familiar (never heard of it before),meh,Might or might not,No,,A 50% discount,No,Manufactured,3.0,2.0,3.0,29.0,35.0,64.0,20.0,0,,3,1.0,1.0,-2,0,A 50% discount,-50.0,-0.0772,-1
Female,20,Very liberal,Meat eater,"$0 to $24,999","$100,000 to $149,999",High school diploma,2.0,1.0,3.0,1.0,3.0,1.0,0.0,4.0,3.0,3.0,1.0,2.0,2.0,1.0,1.0,2.0,0.0,4.0,1.0,0.0,3.0,3.0,4.0,0.0,0.0,0.0,A tiny bit familiar (I have heard the term but don't know anything about it),"From what little I know, I could see the benefits in saving animals from the industrial & meat industry.",Definitely yes,Maybe,Up to a 20% premium,,Maybe,Grown,1.0,3.0,0.0,22.0,19.0,41.0,20.0,2,-2.0,3,1.0,5.0,-1,2,Up to a 20% premium,20.0,0.3818,0
Male,20,Moderate,Meat eater,"$0 to $24,999","$150,000 or greater",High school diploma,4.0,0.0,4.0,0.0,0.0,0.0,0.0,0.0,0.0,3.0,3.0,1.0,0.0,1.0,0.0,0.0,0.0,0.0,4.0,3.0,3.0,4.0,4.0,1.0,0.0,0.0,"Reasonably familiar (I have some exposure to the concepts, technology, and progress)","If it tastes the same, texture the same, I'd be down",Definitely yes,No,,A 30% discount,No,Grown,0.0,4.0,4.0,19.0,20.0,39.0,20.0,0,-2.0,3,1.0,6.0,1,2,A 30% discount,-30.0,0.0,-1
Female,19,Somewhat liberal,Meat eater,"$0 to $24,999","$150,000 or greater",High school diploma,3.0,1.0,3.0,1.0,1.0,0.0,2.0,1.0,3.0,2.0,2.0,1.0,0.0,1.0,4.0,3.0,1.0,3.0,2.0,0.0,3.0,4.0,3.0,0.0,3.0,0.0,A tiny bit familiar (I have heard the term but don't know anything about it),"I think it could be a great alternative to slaughtering animals. If sustainable, eco-friendly, financially accessible, and tasty I could see it replacing current meat butchering.",Definitely yes,Maybe,Up to a 30% premium,,Yes,Grown,1.0,3.0,3.0,22.0,27.0,49.0,19.0,1,-2.0,3,1.0,6.0,-1,2,Up to a 30% premium,30.0,0.6249,1
Female,19,Somewhat liberal,Meat eater,"$0 to $24,999",Prefer not to say,High school diploma,1.0,2.0,2.0,1.0,0.0,3.0,0.0,1.0,4.0,2.0,,1.0,3.0,2.0,2.0,1.0,0.0,4.0,1.0,1.0,3.0,2.0,4.0,1.0,4.0,0.0,Mildly familiar (I know a bit about what it is),I would definitely try it. Sounds like a win-win. BUT if it tastes nasty then I would no longer eat it.  ,Definitely yes,Maybe,Up to a 30% premium,,Yes,Manufactured,2.0,3.0,3.0,24.0,25.0,49.0,19.0,1,-2.0,3,1.0,,0,2,Up to a 30% premium,30.0,-0.7269,1
Female,20,Moderate,Meat eater,"$0 to $24,999","$0 to $24,999",High school diploma,4.0,1.0,3.0,3.0,3.0,1.0,2.0,3.0,2.0,1.0,1.0,2.0,3.0,1.0,3.0,1.0,2.0,3.0,0.0,2.0,3.0,,1.0,3.0,2.0,0.0,A tiny bit familiar (I have heard the term but don't know anything about it),It seems nice especially for those who are more worried/often think about the inhumane way animals are killed for our food consumption,Probably yes,No,,A 20% discount,No,Manufactured,1.0,1.0,1.0,23.0,21.0,44.0,20.0,0,-2.0,3,1.0,1.0,-1,1,A 20% discount,-20.0,-0.4019,-1
Female,20,Moderate,Meat eater,Prefer not to say,Prefer not to say,High school diploma,3.0,3.0,1.0,2.0,2.0,3.0,1.0,1.0,2.0,3.0,4.0,3.0,2.0,2.0,3.0,2.0,1.0,2.0,1.0,1.0,2.0,1.0,3.0,1.0,2.0,0.0,A tiny bit familiar (I have heard the term but don't know anything about it),I think that cultured meat is beneficial towards humanity so that we do not get sick from diseases that the animal previously had. ,Probably yes,Maybe,Up to a 10% premium,,Maybe,Manufactured,3.0,2.0,3.0,34.0,21.0,55.0,20.0,0,-2.0,3,,,-1,1,Up to a 10% premium,10.0,0.681,0
Female,20,Somewhat liberal,Vegetarian,"$0 to $24,999","$50,000 to $74,999",High school diploma,2.0,1.0,0.0,1.0,3.0,2.0,0.0,4.0,2.0,3.0,4.0,0.0,3.0,2.0,3.0,2.0,0.0,3.0,3.0,0.0,3.0,4.0,2.0,1.0,3.0,0.0,Not at all familiar (never heard of it before),I would totally try this. It seems like a great idea and would probably decrease the amount of methane and greenhouse gasses that are released,Probably yes,Maybe,Up to a 20% premium,,Yes,Grown,4.0,3.0,0.0,27.0,26.0,53.0,20.0,1,2.0,3,1.0,3.0,-2,1,Up to a 20% premium,20.0,0.765,1
Female,18,Moderate,Meat eater,"$0 to $24,999","$25,000 to $49,999",High school diploma,1.0,1.0,3.0,2.0,3.0,3.0,1.0,0.0,1.0,0.0,2.0,0.0,2.0,1.0,2.0,3.0,1.0,4.0,2.0,2.0,4.0,4.0,4.0,0.0,3.0,0.0,A tiny bit familiar (I have heard the term but don't know anything about it),I think cultured meat is a very interesting way to make food. I am wondering if this could be a way to reduce hunger in third world countries. ,Definitely yes,Maybe,Up to a 20% premium,,Maybe,Manufactured,1.0,2.0,4.0,21.0,30.0,51.0,18.0,0,-2.0,3,1.0,2.0,-1,2,Up to a 20% premium,20.0,0.2484,0
Female,21,Moderate,Meat eater,"$0 to $24,999","$0 to $24,999",High school diploma,3.0,1.0,3.0,4.0,4.0,3.0,1.0,3.0,2.0,4.0,3.0,1.0,4.0,4.0,1.0,1.0,1.0,3.0,1.0,2.0,4.0,2.0,4.0,0.0,1.0,0.0,Mildly familiar (I know a bit about what it is),Mixed feelings as of now but I would be open to the idea,Probably yes,No,,A 20% discount,Maybe,Grown,1.0,0.0,1.0,28.0,24.0,52.0,21.0,0,-2.0,3,1.0,1.0,0,1,A 20% discount,-20.0,0.0,0
Female,19,Somewhat liberal,Meat eater,"$0 to $24,999",Prefer not to say,High school diploma,4.0,1.0,0.0,0.0,3.0,2.0,2.0,1.0,4.0,3.0,4.0,4.0,4.0,3.0,2.0,4.0,2.0,4.0,3.0,2.0,4.0,4.0,4.0,3.0,4.0,1.0,A tiny bit familiar (I have heard the term but don't know anything about it),Would probably stick to normal meat,Probably not,No,,A 50% discount,No,Manufactured,4.0,4.0,3.0,42.0,40.0,82.0,19.0,1,-2.0,3,1.0,,-1,-1,A 50% discount,-50.0,0.0,-1
Female,19,Somewhat liberal,Meat eater,"$0 to $24,999","$0 to $24,999",High school diploma,4.0,0.0,1.0,2.0,2.0,0.0,1.0,0.0,1.0,2.0,1.0,1.0,3.0,2.0,3.0,2.0,1.0,3.0,2.0,4.0,4.0,2.0,3.0,0.0,4.0,0.0,Not at all familiar (never heard of it before),"If I had the money for it, and it tasted quite similar to the real thing, I would defintely switch to cultured meat.",Definitely yes,Maybe,Up to a 40% premium,,Yes,Manufactured,3.0,2.0,4.0,24.0,30.0,54.0,19.0,1,-2.0,3,1.0,1.0,-2,2,Up to a 40% premium,40.0,0.0,1
Male,19,Somewhat liberal,Meat eater,"$0 to $24,999",Prefer not to say,High school diploma,3.0,4.0,0.0,0.0,4.0,2.0,4.0,0.0,3.0,4.0,0.0,2.0,1.0,3.0,4.0,1.0,4.0,4.0,0.0,0.0,4.0,2.0,1.0,0.0,4.0,0.0,Mildly familiar (I know a bit about what it is),"Ethical, but I don't know how the taste compares",Probably yes,No,,A 50% discount,No,Manufactured,4.0,4.0,4.0,39.0,27.0,66.0,19.0,1,-2.0,3,1.0,,0,1,A 50% discount,-50.0,0.2846,-1
Female,19,Somewhat liberal,Meat eater,"$0 to $24,999","$0 to $24,999",High school diploma,4.0,4.0,0.0,0.0,2.0,2.0,4.0,0.0,0.0,0.0,4.0,2.0,4.0,3.0,4.0,4.0,4.0,4.0,4.0,1.0,4.0,3.0,4.0,1.0,3.0,1.0,A tiny bit familiar (I have heard the term but don't know anything about it),"I have not tried it or heard about side affects, but to save animals it seems great.",Probably yes,No,,A 20% discount,Yes,Manufactured,4.0,4.0,4.0,38.0,40.0,78.0,19.0,1,-2.0,3,1.0,1.0,-1,1,A 20% discount,-20.0,0.899,1
Female,19,Somewhat liberal,Meat eater,"$0 to $24,999","$0 to $24,999",High school diploma,4.0,4.0,4.0,0.0,1.0,3.0,4.0,0.0,0.0,0.0,0.0,3.0,4.0,4.0,4.0,4.0,4.0,4.0,4.0,3.0,3.0,3.0,2.0,3.0,1.0,1.0,Not at all familiar (never heard of it before),I would try it.,Probably yes,Maybe,Up to a 20% premium,,Maybe,Grown,0.0,4.0,4.0,31.0,40.0,71.0,19.0,1,-2.0,3,1.0,1.0,-2,1,Up to a 20% premium,20.0,0.0,0
Female,18,Somewhat liberal,Meat eater,"$0 to $24,999","$150,000 or greater",High school diploma,4.0,3.0,0.0,4.0,4.0,3.0,4.0,3.0,4.0,2.0,1.0,3.0,3.0,3.0,4.0,3.0,1.0,4.0,1.0,0.0,4.0,2.0,4.0,0.0,3.0,0.0,A tiny bit familiar (I have heard the term but don't know anything about it),"It seems interesting, but I would rather eat real meat.",Probably yes,No,,A 50% discount,No,Manufactured,4.0,0.0,1.0,36.0,29.0,65.0,18.0,1,-2.0,3,1.0,6.0,-1,1,A 50% discount,-50.0,0.2144,-1
Female,20,Moderate,Meat eater,"$0 to $24,999",Prefer not to say,Bachelor's degree,2.0,2.0,2.0,1.0,0.0,1.0,0.0,2.0,4.0,3.0,2.0,2.0,0.0,1.0,1.0,3.0,1.0,4.0,0.0,0.0,3.0,4.0,3.0,0.0,4.0,0.0,A tiny bit familiar (I have heard the term but don't know anything about it),"Good concept, new revolutionary concept, recent discovery, I would eat it",Definitely yes,Yes,Up to a 30% premium,,Yes,Manufactured,2.0,3.0,2.0,23.0,24.0,47.0,20.0,0,-2.0,5,1.0,,-1,2,Up to a 30% premium,30.0,0.4404,1
Female,21,Somewhat liberal,Meat eater,"$0 to $24,999","$50,000 to $74,999",Bachelor's degree,4.0,4.0,1.0,0.0,2.0,1.0,0.0,2.0,0.0,4.0,4.0,4.0,2.0,0.0,4.0,4.0,0.0,0.0,1.0,1.0,4.0,4.0,2.0,2.0,2.0,0.0,A tiny bit familiar (I have heard the term but don't know anything about it),This is extremely interesting and I would certainly like to try it when available for the public.,Definitely yes,No,,A 10% discount,Maybe,Manufactured,3.0,4.0,2.0,34.0,24.0,58.0,21.0,1,-2.0,5,1.0,3.0,-1,2,A 10% discount,-10.0,0.7841,0
Female,18,Moderate,Meat eater,"$0 to $24,999","$0 to $24,999",High school diploma,4.0,3.0,2.0,2.0,2.0,1.0,1.0,0.0,1.0,3.0,4.0,2.0,1.0,1.0,4.0,1.0,1.0,4.0,2.0,2.0,4.0,4.0,4.0,3.0,4.0,0.0,Mildly familiar (I know a bit about what it is),i think it  sounds safer than how meat is consumed now,Probably yes,Maybe,Up to a 10% premium,,No,Manufactured,2.0,2.0,4.0,30.0,34.0,64.0,18.0,0,-2.0,3,1.0,1.0,0,1,Up to a 10% premium,10.0,0.4215,-1
Female,19,Somewhat liberal,Meat eater,"$0 to $24,999","$25,000 to $49,999",High school diploma,1.0,4.0,2.0,1.0,3.0,3.0,1.0,1.0,3.0,1.0,4.0,2.0,1.0,1.0,1.0,2.0,2.0,3.0,0.0,2.0,3.0,4.0,3.0,0.0,3.0,0.0,Mildly familiar (I know a bit about what it is),Its very interesting. ,Probably yes,No,,A 30% discount,No,Grown,2.0,3.0,3.0,31.0,24.0,55.0,19.0,1,-2.0,3,1.0,2.0,0,1,A 30% discount,-30.0,0.4576,-1
Female,19,Somewhat liberal,Other (please specify),"$0 to $24,999","$0 to $24,999",High school diploma,0.0,1.0,3.0,0.0,0.0,3.0,4.0,0.0,4.0,1.0,4.0,2.0,0.0,1.0,1.0,2.0,1.0,4.0,0.0,0.0,3.0,3.0,3.0,0.0,4.0,0.0,Mildly familiar (I know a bit about what it is),it's cool,Probably yes,No,,A 30% discount,No,Grown,1.0,4.0,4.0,28.0,22.0,50.0,19.0,1,,3,1.0,1.0,0,1,A 30% discount,-30.0,0.3182,-1
Male,18,Somewhat liberal,Meat eater,Prefer not to say,"$75,000 to $99,999",High school diploma,2.0,1.0,1.0,0.0,1.0,1.0,3.0,0.0,3.0,1.0,4.0,1.0,0.0,3.0,2.0,2.0,4.0,4.0,2.0,0.0,3.0,2.0,4.0,2.0,3.0,0.0,Mildly familiar (I know a bit about what it is),"I think it's a nice way to preserve our environment and is a great step but should be more widespread, as well as the segue into more environmental products.",Probably yes,Maybe,Up to a 20% premium,,Maybe,Grown,3.0,4.0,4.0,28.0,31.0,59.0,18.0,1,-2.0,3,,4.0,0,1,Up to a 20% premium,20.0,0.7576,0
Female,20,Somewhat liberal,Meat eater,"$0 to $24,999","$0 to $24,999",High school diploma,4.0,3.0,1.0,2.0,2.0,2.0,3.0,2.0,4.0,4.0,4.0,2.0,4.0,4.0,1.0,4.0,3.0,4.0,4.0,2.0,3.0,4.0,4.0,2.0,3.0,0.0,Not at all familiar (never heard of it before),its not real,Might or might not,Maybe,Up to a 10% premium,,Maybe,Grown,3.0,2.0,2.0,39.0,38.0,77.0,20.0,1,-2.0,3,1.0,1.0,-2,0,Up to a 10% premium,10.0,0.0,0
Female,20,Somewhat liberal,Meat eater,"$0 to $24,999","$0 to $24,999",High school diploma,4.0,4.0,2.0,2.0,2.0,2.0,2.0,2.0,4.0,4.0,4.0,3.0,4.0,4.0,4.0,4.0,3.0,4.0,4.0,3.0,4.0,4.0,4.0,2.0,3.0,0.0,Not at all familiar (never heard of it before),its not real,Might or might not,No,,None of the discounts listed here would convince me to purchase cultured meat.,Maybe,Grown,2.0,2.0,2.0,39.0,43.0,82.0,20.0,1,-2.0,3,1.0,1.0,-2,0,None of the discounts listed here would convince me to purchase cultured meat.,,0.0,0
Female,19,Very liberal,White meat only,"$0 to $24,999",Prefer not to say,High school diploma,0.0,0.0,2.0,3.0,2.0,3.0,3.0,2.0,4.0,3.0,1.0,3.0,4.0,4.0,3.0,2.0,1.0,4.0,1.0,1.0,2.0,3.0,2.0,0.0,4.0,0.0,Mildly familiar (I know a bit about what it is),I support it!,Definitely yes,Maybe,Up to a 30% premium,,Maybe,Manufactured,2.0,1.0,2.0,28.0,27.0,55.0,19.0,2,-1.0,3,1.0,,0,2,Up to a 30% premium,30.0,0.4574,0
Female,22,Somewhat liberal,Meat eater,"$0 to $24,999","$25,000 to $49,999",Associate's degree,4.0,2.0,0.0,3.0,3.0,2.0,2.0,2.0,2.0,1.0,3.0,3.0,2.0,0.0,0.0,1.0,0.0,1.0,1.0,1.0,1.0,2.0,2.0,1.0,1.0,0.0,Mildly familiar (I know a bit about what it is),i guess it would depend on the animal cells they used. is it GMO?,Probably yes,No,,None of the discounts listed here would convince me to purchase cultured meat.,No,Grown,4.0,1.0,2.0,31.0,11.0,42.0,22.0,1,-2.0,4,1.0,2.0,0,1,None of the discounts listed here would convince me to purchase cultured meat.,,0.0,-1
Female,19,Somewhat liberal,White meat only,"$0 to $24,999","$150,000 or greater",High school diploma,4.0,0.0,0.0,4.0,2.0,2.0,4.0,0.0,4.0,4.0,4.0,1.0,3.0,3.0,3.0,4.0,4.0,4.0,4.0,2.0,4.0,4.0,4.0,0.0,3.0,0.0,Mildly familiar (I know a bit about what it is),will wait to see long term effects ,Probably not,No,,None of the discounts listed here would convince me to purchase cultured meat.,No,Grown,4.0,0.0,4.0,36.0,39.0,75.0,19.0,1,-1.0,3,1.0,6.0,0,-1,None of the discounts listed here would convince me to purchase cultured meat.,,0.0,-1
Female,19,Somewhat liberal,Meat eater,"$0 to $24,999","$25,000 to $49,999",High school diploma,3.0,0.0,0.0,1.0,1.0,4.0,3.0,3.0,4.0,0.0,2.0,3.0,1.0,3.0,1.0,3.0,0.0,4.0,4.0,1.0,3.0,4.0,4.0,0.0,3.0,0.0,Not at all familiar (never heard of it before),"I think that cultured meat sounds weird, I'm not sure I would want to eat it regularly. I would try it out of curiousity as to what it tasted like but I'm not sure if I would like the idea. However if it is really like meat and I was unaware it was cultured meat until after I ate it, I think I would be fine with that.",Probably not,No,,None of the discounts listed here would convince me to purchase cultured meat.,No,Grown,4.0,3.0,1.0,29.0,30.0,59.0,19.0,1,-2.0,3,1.0,2.0,-2,-1,None of the discounts listed here would convince me to purchase cultured meat.,,0.5947,-1
Female,19,Somewhat liberal,Meat eater,"$0 to $24,999","$150,000 or greater",High school diploma,3.0,1.0,3.0,3.0,3.0,4.0,1.0,4.0,1.0,3.0,0.0,1.0,1.0,1.0,0.0,1.0,3.0,0.0,4.0,2.0,3.0,3.0,4.0,0.0,2.0,4.0,Mildly familiar (I know a bit about what it is),it sounds kinda cool,Definitely yes,Maybe,Up to a 30% premium,,Yes,Manufactured,1.0,1.0,0.0,20.0,27.0,47.0,19.0,1,-2.0,3,1.0,6.0,0,2,Up to a 30% premium,30.0,0.2516,1
Female,32,Moderate,Meat eater,"$25,000 to $49,999","$25,000 to $49,999",Associate's degree,4.0,4.0,0.0,0.0,2.0,3.0,2.0,0.0,4.0,2.0,4.0,4.0,4.0,2.0,2.0,2.0,2.0,4.0,0.0,0.0,4.0,0.0,4.0,2.0,2.0,0.0,Not at all familiar (never heard of it before),"Don't like artificial meat, feel not good for health.",Probably not,No,,A 30% discount,No,Grown,4.0,4.0,4.0,45.0,24.0,69.0,32.0,0,-2.0,4,2.0,2.0,-2,-1,A 30% discount,-30.0,-0.5448,-1
Female,20,Somewhat liberal,Meat eater,"$0 to $24,999",Prefer not to say,High school diploma,3.0,2.0,3.0,1.0,0.0,4.0,1.0,1.0,2.0,2.0,2.0,1.0,0.0,1.0,4.0,2.0,2.0,2.0,0.0,1.0,4.0,4.0,2.0,0.0,2.0,0.0,A tiny bit familiar (I have heard the term but don't know anything about it),Im fine with cultured meat but I wouldn't go out of my way to eat it. ,Probably yes,No,,A 50% discount,No,Grown,1.0,3.0,3.0,24.0,24.0,48.0,20.0,1,-2.0,3,1.0,,-1,1,A 50% discount,-50.0,0.1027,-1
Female,26,Somewhat liberal,Meat eater,"$0 to $24,999","$0 to $24,999",Associate's degree,4.0,1.0,0.0,0.0,0.0,3.0,0.0,2.0,0.0,0.0,1.0,4.0,2.0,1.0,2.0,2.0,2.0,1.0,3.0,2.0,3.0,4.0,4.0,2.0,3.0,1.0,Not at all familiar (never heard of it before),It is kinda gross,Might or might not,No,,None of the discounts listed here would convince me to purchase cultured meat.,No,Grown,4.0,4.0,2.0,25.0,30.0,55.0,26.0,1,-2.0,4,1.0,1.0,-2,0,None of the discounts listed here would convince me to purchase cultured meat.,,-0.4228,-1
Female,20,Very liberal,Meat eater,"$0 to $24,999","$0 to $24,999",High school diploma,2.0,3.0,2.0,1.0,1.0,1.0,1.0,3.0,4.0,1.0,4.0,1.0,1.0,1.0,4.0,0.0,0.0,3.0,2.0,0.0,1.0,3.0,4.0,0.0,4.0,0.0,Not at all familiar (never heard of it before),It sounds like it has many benefits and would be a great alternative to hopefully stop the consumption of red meat.,Definitely yes,No,,A 40% discount,Yes,Grown,2.0,3.0,1.0,25.0,22.0,47.0,20.0,2,-2.0,3,1.0,1.0,-2,2,A 40% discount,-40.0,0.8658,1
Female,19,Somewhat liberal,Vegetarian,Prefer not to say,"$150,000 or greater",High school diploma,1.0,2.0,0.0,1.0,4.0,0.0,0.0,0.0,1.0,2.0,0.0,2.0,1.0,3.0,1.0,2.0,0.0,0.0,3.0,3.0,4.0,3.0,4.0,1.0,2.0,0.0,"Reasonably familiar (I have some exposure to the concepts, technology, and progress)",Neutral,Probably yes,No,,A 30% discount,No,Manufactured,4.0,3.0,4.0,24.0,26.0,50.0,19.0,1,2.0,3,,6.0,1,1,A 30% discount,-30.0,0.0,-1
Female,21,Somewhat liberal,Meat eater,"$0 to $24,999","$0 to $24,999",High school diploma,4.0,3.0,2.0,1.0,0.0,0.0,4.0,0.0,4.0,4.0,2.0,4.0,1.0,4.0,4.0,2.0,0.0,4.0,2.0,1.0,4.0,3.0,1.0,0.0,4.0,0.0,A tiny bit familiar (I have heard the term but don't know anything about it),"Interesting, but I think it would have to be out for awhile before I try it",Might or might not,No,,A 20% discount,No,Manufactured,2.0,3.0,4.0,35.0,29.0,64.0,21.0,1,-2.0,3,1.0,1.0,-1,0,A 20% discount,-20.0,0.2144,-1
Female,21,Very liberal,White meat only,"$0 to $24,999","$0 to $24,999",High school diploma,2.0,0.0,1.0,1.0,4.0,3.0,4.0,1.0,4.0,1.0,1.0,2.0,3.0,1.0,2.0,2.0,1.0,4.0,3.0,2.0,4.0,4.0,4.0,0.0,3.0,0.0,A tiny bit familiar (I have heard the term but don't know anything about it),"I like the idea of it. I have no moral issue with animal products in my food, but I know about the massive cost to the environment ",Definitely yes,No,,A 30% discount,Maybe,Manufactured,3.0,3.0,3.0,33.0,30.0,63.0,21.0,2,-1.0,3,1.0,1.0,-1,2,A 30% discount,-30.0,0.0387,0
Female,19,Somewhat liberal,Meat eater,"$0 to $24,999","$0 to $24,999",High school diploma,3.0,0.0,4.0,0.0,0.0,3.0,0.0,4.0,0.0,0.0,1.0,2.0,0.0,0.0,0.0,1.0,0.0,2.0,0.0,2.0,3.0,2.0,0.0,0.0,1.0,0.0,A tiny bit familiar (I have heard the term but don't know anything about it),Content,Definitely yes,No,,A 30% discount,Maybe,Grown,0.0,4.0,0.0,13.0,11.0,24.0,19.0,1,-2.0,3,1.0,1.0,-1,2,A 30% discount,-30.0,0.0,0
Female,18,Somewhat conservative,Meat eater,"$0 to $24,999","$150,000 or greater",High school diploma,0.0,2.0,0.0,0.0,3.0,3.0,4.0,1.0,4.0,2.0,1.0,3.0,4.0,4.0,2.0,3.0,1.0,4.0,1.0,1.0,2.0,2.0,3.0,1.0,4.0,0.0,A tiny bit familiar (I have heard the term but don't know anything about it),"Not bad, seems good for the environment which is great",Probably yes,Maybe,Up to a 20% premium,,Maybe,Manufactured,4.0,4.0,3.0,37.0,28.0,65.0,18.0,-1,-2.0,3,1.0,6.0,-1,1,Up to a 20% premium,20.0,0.6751,0
Female,19,Very liberal,Meat eater,"$0 to $24,999","$100,000 to $149,999",High school diploma,3.0,2.0,0.0,1.0,1.0,1.0,4.0,1.0,4.0,1.0,0.0,0.0,1.0,2.0,2.0,2.0,0.0,4.0,1.0,1.0,3.0,1.0,3.0,0.0,4.0,0.0,A tiny bit familiar (I have heard the term but don't know anything about it),"I think that it is a really good idea, especially for people that feel a lot of guilt when eating meat. It is also nice to know that we can create a meat/protein that is ethical.",Definitely yes,Maybe,I would pay even more than the options listed here.,,Yes,Grown,4.0,3.0,3.0,27.0,23.0,50.0,19.0,2,-2.0,3,1.0,5.0,-1,2,I would pay even more than the options listed here.,,0.8516,1
Female,20,Very liberal,Pescatarian (seafood only),"$0 to $24,999","$150,000 or greater",High school diploma,2.0,1.0,0.0,1.0,2.0,1.0,2.0,3.0,3.0,4.0,3.0,2.0,4.0,2.0,3.0,4.0,0.0,4.0,2.0,1.0,3.0,4.0,4.0,2.0,4.0,0.0,A tiny bit familiar (I have heard the term but don't know anything about it),i'm pescatarian so no thoughts,Definitely not,No,,None of the discounts listed here would convince me to purchase cultured meat.,No,Manufactured,4.0,3.0,1.0,32.0,33.0,65.0,20.0,2,0.0,3,1.0,6.0,-1,-2,None of the discounts listed here would convince me to purchase cultured meat.,,-0.4341,-1
Female,21,Very liberal,Meat eater,"$0 to $24,999","$75,000 to $99,999",Bachelor's degree,4.0,0.0,2.0,3.0,0.0,2.0,0.0,2.0,2.0,1.0,2.0,1.0,2.0,2.0,0.0,1.0,0.0,3.0,4.0,4.0,4.0,4.0,4.0,1.0,0.0,2.0,A tiny bit familiar (I have heard the term but don't know anything about it),I am moderate to the concept,Probably yes,No,,A 20% discount,Maybe,Grown,2.0,1.0,2.0,19.0,29.0,48.0,21.0,2,-2.0,5,1.0,4.0,-1,1,A 20% discount,-20.0,0.0,0
Female,19,Very liberal,Meat eater,"$0 to $24,999","$25,000 to $49,999",High school diploma,3.0,0.0,3.0,1.0,3.0,2.0,0.0,1.0,3.0,0.0,0.0,1.0,2.0,1.0,2.0,2.0,2.0,3.0,2.0,0.0,2.0,2.0,3.0,0.0,1.0,2.0,A tiny bit familiar (I have heard the term but don't know anything about it),I don't feel strongly about it either way.,Might or might not,Maybe,Up to a 10% premium,,Maybe,Manufactured,1.0,3.0,3.0,21.0,22.0,43.0,19.0,2,-2.0,3,1.0,2.0,-1,0,Up to a 10% premium,10.0,-0.2057,0
Female,20,Very liberal,Meat eater,"$0 to $24,999","$25,000 to $49,999",High school diploma,3.0,0.0,2.0,2.0,3.0,3.0,1.0,4.0,2.0,1.0,0.0,0.0,1.0,0.0,1.0,1.0,0.0,2.0,0.0,0.0,3.0,3.0,2.0,0.0,1.0,0.0,Not at all familiar (never heard of it before),I think it is a great idea for the environment and sustainability. I thinks it's also pretty incredible that they could such a thing. There is a small part of me that thinks it's a bit weird but as long as it's safe I don't see anything wrong with it.,Definitely yes,Maybe,Up to a 20% premium,,Yes,Grown,2.0,2.0,0.0,18.0,13.0,31.0,20.0,2,-2.0,3,1.0,2.0,-2,2,Up to a 20% premium,20.0,0.888,1
Female,22,Somewhat liberal,White meat only,"$0 to $24,999","$150,000 or greater",Associate's degree,2.0,2.0,2.0,3.0,1.0,3.0,3.0,0.0,4.0,4.0,3.0,3.0,4.0,4.0,1.0,1.0,0.0,4.0,1.0,2.0,2.0,4.0,1.0,0.0,4.0,0.0,A tiny bit familiar (I have heard the term but don't know anything about it),I need to read more.,Probably yes,Maybe,Up to a 40% premium,,Maybe,Grown,2.0,1.0,4.0,36.0,24.0,60.0,22.0,1,-1.0,4,1.0,6.0,-1,1,Up to a 40% premium,40.0,0.0,0
Female,18,Somewhat liberal,Vegetarian,"$0 to $24,999","$100,000 to $149,999",High school diploma,3.0,3.0,1.0,3.0,1.0,4.0,1.0,3.0,4.0,3.0,4.0,0.0,3.0,2.0,4.0,3.0,2.0,4.0,4.0,1.0,4.0,4.0,4.0,2.0,4.0,0.0,A tiny bit familiar (I have heard the term but don't know anything about it),I think it is a great way to help save animals' lives.,Probably yes,Yes,Up to a 30% premium,,Yes,Grown,3.0,1.0,1.0,31.0,38.0,69.0,18.0,1,2.0,3,1.0,5.0,-1,1,Up to a 30% premium,30.0,0.875,1
Female,18,Very conservative,Meat eater,Prefer not to say,"$150,000 or greater",High school diploma,4.0,2.0,0.0,0.0,3.0,3.0,4.0,1.0,4.0,3.0,4.0,3.0,4.0,4.0,2.0,4.0,2.0,4.0,1.0,1.0,4.0,4.0,4.0,2.0,3.0,2.0,"Reasonably familiar (I have some exposure to the concepts, technology, and progress)","I find it to be an interesting concept and possibly a solution to slaughter houses. However, I would be trepadatious about trying it for the first time. ",Might or might not,Maybe,Up to a 10% premium,,Maybe,Grown,4.0,4.0,3.0,45.0,37.0,82.0,18.0,-2,-2.0,3,,6.0,1,0,Up to a 10% premium,10.0,0.6124,0
Female,21,Somewhat liberal,Meat eater,"$0 to $24,999","$0 to $24,999",High school diploma,4.0,2.0,0.0,0.0,4.0,3.0,1.0,1.0,4.0,1.0,4.0,2.0,3.0,4.0,4.0,2.0,0.0,4.0,3.0,2.0,4.0,3.0,4.0,0.0,3.0,0.0,Not at all familiar (never heard of it before),I don't really have any thoughts on it besides it was cool to learn about ,Might or might not,No,,A 50% discount,No,Manufactured,4.0,4.0,3.0,39.0,33.0,72.0,21.0,1,-2.0,3,1.0,1.0,-2,0,A 50% discount,-50.0,0.3182,-1
Female,19,Moderate,Meat eater,"$0 to $24,999","$150,000 or greater",High school diploma,4.0,2.0,1.0,1.0,4.0,4.0,4.0,0.0,4.0,1.0,0.0,2.0,4.0,3.0,3.0,1.0,1.0,4.0,0.0,0.0,3.0,1.0,4.0,0.0,4.0,0.0,Not at all familiar (never heard of it before),"I think it is a great addition to environmental support/preservation plans; however, I would still not have a problem eating animal meat.",Definitely yes,No,,A 20% discount,Maybe,Grown,3.0,3.0,4.0,39.0,24.0,63.0,19.0,0,-2.0,3,1.0,6.0,-2,2,A 20% discount,-20.0,0.7475,0
Female,19,Somewhat liberal,Meat eater,Prefer not to say,Prefer not to say,High school diploma,1.0,3.0,0.0,0.0,3.0,4.0,3.0,1.0,4.0,2.0,4.0,1.0,3.0,4.0,3.0,3.0,2.0,4.0,0.0,1.0,3.0,3.0,4.0,1.0,4.0,0.0,A tiny bit familiar (I have heard the term but don't know anything about it),It sounds similar to the idea of GMOs,Probably yes,Yes,Up to a 30% premium,,Yes,Manufactured,4.0,4.0,3.0,39.0,32.0,71.0,19.0,1,-2.0,3,,,-1,1,Up to a 30% premium,30.0,0.0,1
Female,20,Somewhat liberal,Meat eater,"$0 to $24,999",Prefer not to say,High school diploma,4.0,2.0,0.0,0.0,4.0,2.0,0.0,4.0,0.0,0.0,4.0,4.0,0.0,0.0,4.0,4.0,4.0,0.0,3.0,3.0,2.0,4.0,4.0,1.0,2.0,1.0,Not at all familiar (never heard of it before),I wouldn't eat it if I knew what it was.,Definitely not,No,,None of the discounts listed here would convince me to purchase cultured meat.,No,Grown,4.0,4.0,0.0,28.0,32.0,60.0,20.0,1,-2.0,3,1.0,,-2,-2,None of the discounts listed here would convince me to purchase cultured meat.,,0.0,-1
Female,31,Somewhat liberal,Meat eater,"$0 to $24,999","$0 to $24,999",High school diploma,2.0,4.0,0.0,0.0,0.0,0.0,1.0,4.0,4.0,0.0,2.0,0.0,2.0,1.0,4.0,3.0,4.0,4.0,2.0,2.0,4.0,3.0,4.0,2.0,4.0,0.0,Not at all familiar (never heard of it before),"nothing. I was just like ""oh, there is a such thing. Interesting""",Might or might not,No,,A 20% discount,Maybe,Manufactured,4.0,4.0,0.0,23.0,37.0,60.0,31.0,1,-2.0,3,1.0,1.0,-2,0,A 20% discount,-20.0,0.1506,0
Female,19,Somewhat liberal,Meat eater,"$25,000 to $49,999","$25,000 to $49,999",High school diploma,4.0,4.0,0.0,0.0,4.0,1.0,2.0,2.0,4.0,0.0,1.0,2.0,4.0,4.0,3.0,3.0,3.0,4.0,2.0,0.0,4.0,3.0,4.0,0.0,3.0,2.0,A tiny bit familiar (I have heard the term but don't know anything about it),"I do not have a problem with it, I would consume it. ",Definitely yes,Maybe,Up to a 20% premium,,Maybe,Manufactured,4.0,4.0,2.0,36.0,35.0,71.0,19.0,1,-2.0,3,2.0,2.0,-1,2,Up to a 20% premium,20.0,0.3089,0
Female,20,Somewhat liberal,White meat only,"$0 to $24,999","$150,000 or greater",High school diploma,4.0,3.0,1.0,1.0,2.0,3.0,2.0,1.0,2.0,3.0,2.0,2.0,1.0,2.0,2.0,1.0,3.0,2.0,3.0,1.0,3.0,3.0,3.0,2.0,1.0,2.0,A tiny bit familiar (I have heard the term but don't know anything about it),No bad feelings,Probably yes,Yes,Up to a 30% premium,,Maybe,Grown,3.0,3.0,3.0,33.0,28.0,61.0,20.0,1,-1.0,3,1.0,6.0,-1,1,Up to a 30% premium,30.0,-0.6908,0
Female,21,Somewhat liberal,White meat only,"$0 to $24,999","$150,000 or greater",High school diploma,2.0,0.0,2.0,2.0,1.0,0.0,0.0,4.0,3.0,0.0,0.0,0.0,0.0,0.0,2.0,1.0,0.0,4.0,2.0,1.0,2.0,3.0,2.0,0.0,3.0,0.0,Not at all familiar (never heard of it before),I don't mind it,Probably yes,Maybe,Up to a 10% premium,,Maybe,Manufactured,2.0,2.0,0.0,10.0,20.0,30.0,21.0,1,-1.0,3,1.0,6.0,-2,1,Up to a 10% premium,10.0,0.0,0
Female,20,Very liberal,Vegan,"$0 to $24,999",Prefer not to say,Associate's degree,1.0,1.0,0.0,1.0,0.0,1.0,3.0,1.0,3.0,1.0,0.0,1.0,2.0,2.0,2.0,1.0,3.0,2.0,4.0,1.0,4.0,2.0,4.0,0.0,2.0,0.0,"Reasonably familiar (I have some exposure to the concepts, technology, and progress)",I think it's better than the alternative (real meat)! Do I know if it's the most sustainable option long-term? No. But does it seem better than real meat? Yes. ,Probably not,Maybe,Up to a 20% premium,,Maybe,Manufactured,4.0,3.0,3.0,23.0,27.0,50.0,20.0,2,2.0,4,1.0,,1,-1,Up to a 20% premium,20.0,0.8556,0
Female,18,Very liberal,Meat eater,"$0 to $24,999","$0 to $24,999",High school diploma,4.0,2.0,0.0,0.0,2.0,1.0,4.0,0.0,4.0,2.0,4.0,3.0,4.0,4.0,4.0,4.0,4.0,4.0,3.0,0.0,4.0,3.0,4.0,2.0,4.0,0.0,Not at all familiar (never heard of it before),I think its cool.,Might or might not,Maybe,Up to a 30% premium,,No,Manufactured,4.0,4.0,4.0,42.0,40.0,82.0,18.0,2,-2.0,3,1.0,1.0,-2,0,Up to a 30% premium,30.0,0.3182,-1
Female,20,Very liberal,Other (please specify),"$0 to $24,999","$150,000 or greater",Associate's degree,0.0,3.0,3.0,0.0,3.0,4.0,4.0,0.0,4.0,1.0,0.0,2.0,2.0,1.0,2.0,0.0,0.0,4.0,1.0,0.0,2.0,1.0,2.0,0.0,4.0,0.0,Mildly familiar (I know a bit about what it is),I think it's a good alternative to regular meat. Probably more healthy for the environment.,Definitely yes,Maybe,Up to a 30% premium,,Maybe,Manufactured,1.0,4.0,4.0,32.0,17.0,49.0,20.0,2,,4,1.0,6.0,0,2,Up to a 30% premium,30.0,0.7089,0
Male,20,Moderate,Meat eater,"$0 to $24,999","$150,000 or greater",High school diploma,3.0,2.0,3.0,0.0,1.0,1.0,0.0,1.0,3.0,3.0,1.0,1.0,0.0,0.0,1.0,1.0,2.0,1.0,0.0,0.0,0.0,1.0,2.0,0.0,1.0,4.0,Not at all familiar (never heard of it before),solent green vibes,Probably yes,No,,A 50% discount,No,Manufactured,1.0,4.0,3.0,23.0,13.0,36.0,20.0,0,-2.0,3,1.0,6.0,-2,1,A 50% discount,-50.0,0.0,-1
Female,20,Very liberal,Meat eater,"$0 to $24,999","$100,000 to $149,999",High school diploma,0.0,4.0,0.0,0.0,4.0,4.0,1.0,1.0,4.0,0.0,0.0,4.0,4.0,4.0,4.0,2.0,1.0,4.0,1.0,1.0,4.0,4.0,4.0,0.0,4.0,0.0,Not at all familiar (never heard of it before),I think that any way to still have meat but help the environment and animals is great. ,Probably yes,No,,A 50% discount,Maybe,Grown,4.0,4.0,3.0,36.0,33.0,69.0,20.0,2,-2.0,3,1.0,5.0,-2,1,A 50% discount,-50.0,0.8807,0
Female,19,Somewhat liberal,Meat eater,"$0 to $24,999","$150,000 or greater",High school diploma,1.0,1.0,2.0,1.0,3.0,4.0,3.0,1.0,3.0,1.0,0.0,3.0,2.0,1.0,2.0,1.0,0.0,3.0,1.0,1.0,2.0,3.0,3.0,1.0,3.0,0.0,Mildly familiar (I know a bit about what it is),"I'm open to the idea of it, especially if it's beneficial for the environment. My only concerns are whether or not it is cost-effective and the health benefits/implications of it.",Probably yes,No,,A 10% discount,No,Manufactured,2.0,3.0,3.0,29.0,21.0,50.0,19.0,1,-2.0,3,1.0,6.0,0,1,A 10% discount,-10.0,0.4877,-1
Female,20,Somewhat liberal,Vegetarian,"$0 to $24,999","$100,000 to $149,999",High school diploma,4.0,1.0,0.0,1.0,1.0,2.0,2.0,2.0,3.0,0.0,3.0,1.0,0.0,1.0,3.0,3.0,2.0,4.0,1.0,0.0,2.0,1.0,2.0,0.0,3.0,0.0,A tiny bit familiar (I have heard the term but don't know anything about it),I am vegetarian so I probably still would not eat it,Definitely not,No,,None of the discounts listed here would convince me to purchase cultured meat.,No,Manufactured,4.0,3.0,2.0,26.0,22.0,48.0,20.0,1,2.0,3,1.0,5.0,-1,-2,None of the discounts listed here would convince me to purchase cultured meat.,,0.0,-1
Female,21,Very liberal,Meat eater,"$0 to $24,999","$50,000 to $74,999",High school diploma,4.0,1.0,0.0,2.0,1.0,4.0,4.0,2.0,4.0,3.0,3.0,3.0,4.0,1.0,3.0,3.0,0.0,4.0,3.0,1.0,4.0,3.0,4.0,0.0,4.0,0.0,Mildly familiar (I know a bit about what it is),"sounds cool, I'd try it if it was available/accessible to me",Definitely yes,No,,A 20% discount,Maybe,Manufactured,4.0,2.0,2.0,39.0,30.0,69.0,21.0,2,-2.0,3,1.0,3.0,0,2,A 20% discount,-20.0,0.3182,0
Female,21,Somewhat liberal,Meat eater,"$0 to $24,999",Prefer not to say,Associate's degree,4.0,4.0,0.0,0.0,3.0,3.0,4.0,0.0,4.0,4.0,4.0,2.0,1.0,4.0,4.0,4.0,3.0,4.0,2.0,2.0,4.0,4.0,4.0,1.0,4.0,0.0,A tiny bit familiar (I have heard the term but don't know anything about it),"i think it is a good idea to stop the need of raising farm animals and then using them for meals, but as a meat eater, it does sound odd",Might or might not,Maybe,Up to a 10% premium,,Yes,Grown,4.0,4.0,4.0,45.0,40.0,85.0,21.0,1,-2.0,4,1.0,,-1,0,Up to a 10% premium,10.0,-0.3818,1
Male,19,Moderate,Meat eater,"$0 to $24,999","$50,000 to $74,999",High school diploma,2.0,0.0,1.0,3.0,1.0,2.0,1.0,2.0,3.0,2.0,3.0,1.0,0.0,0.0,3.0,2.0,3.0,4.0,3.0,1.0,4.0,2.0,2.0,0.0,1.0,0.0,A tiny bit familiar (I have heard the term but don't know anything about it),"It sounds like a good alternative to avoid killing animals for food. I feel positive about it and as long as it tastes fine and is fine for health, I wouldn't mind if it is grown in a lab",Definitely yes,Maybe,Up to a 10% premium,,Maybe,Grown,3.0,1.0,2.0,21.0,25.0,46.0,19.0,0,-2.0,3,1.0,3.0,-1,2,Up to a 10% premium,10.0,0.6124,0
Female,18,Somewhat conservative,Meat eater,"$0 to $24,999",Prefer not to say,High school diploma,1.0,2.0,2.0,1.0,3.0,3.0,1.0,2.0,3.0,2.0,3.0,3.0,1.0,2.0,3.0,3.0,3.0,2.0,2.0,2.0,4.0,3.0,1.0,1.0,2.0,0.0,A tiny bit familiar (I have heard the term but don't know anything about it),It sounds interesting and a good option for the future of the meat industry,Definitely yes,Maybe,Up to a 10% premium,,Maybe,Manufactured,2.0,3.0,2.0,29.0,28.0,57.0,18.0,-1,-2.0,3,1.0,,-1,2,Up to a 10% premium,10.0,0.6808,0
Female,19,Somewhat liberal,Meat eater,"$0 to $24,999","$100,000 to $149,999",High school diploma,4.0,4.0,0.0,0.0,3.0,4.0,3.0,0.0,4.0,1.0,3.0,3.0,1.0,1.0,4.0,4.0,3.0,4.0,1.0,3.0,4.0,1.0,4.0,1.0,1.0,0.0,Mildly familiar (I know a bit about what it is),"it is better for the environment, not willing to pay high amounts for it, okay with it as long as the taste is good",Definitely yes,No,,A 10% discount,No,Manufactured,4.0,4.0,4.0,42.0,31.0,73.0,19.0,1,-2.0,3,1.0,5.0,0,2,A 10% discount,-10.0,0.7903,-1
Female,19,Somewhat liberal,Meat eater,"$0 to $24,999","$0 to $24,999",High school diploma,3.0,3.0,0.0,1.0,3.0,0.0,3.0,1.0,2.0,3.0,0.0,4.0,1.0,0.0,2.0,3.0,1.0,3.0,2.0,0.0,3.0,3.0,4.0,0.0,0.0,0.0,Not at all familiar (never heard of it before),"Scary, I wouldn't be the first to try it",Might or might not,No,,A 30% discount,No,Manufactured,4.0,3.0,3.0,32.0,21.0,53.0,19.0,1,-2.0,3,1.0,1.0,-2,0,A 30% discount,-30.0,-0.4939,-1
Female,31,Somewhat liberal,Meat eater,"$0 to $24,999","$0 to $24,999",High school diploma,3.0,4.0,0.0,0.0,0.0,0.0,0.0,0.0,3.0,3.0,3.0,0.0,2.0,0.0,4.0,4.0,3.0,4.0,0.0,1.0,4.0,3.0,4.0,2.0,4.0,0.0,Not at all familiar (never heard of it before),"Nothing. I thought, ""There is a such thing, interesting.""",Might or might not,No,,A 30% discount,Maybe,Manufactured,4.0,4.0,4.0,30.0,33.0,63.0,31.0,1,-2.0,3,1.0,1.0,-2,0,A 30% discount,-30.0,0.0,0
Male,19,Somewhat conservative,Meat eater,"$0 to $24,999",Prefer not to say,High school diploma,3.0,1.0,0.0,1.0,1.0,2.0,1.0,2.0,0.0,2.0,1.0,3.0,3.0,2.0,2.0,4.0,4.0,2.0,0.0,1.0,3.0,2.0,2.0,1.0,0.0,0.0,"Reasonably familiar (I have some exposure to the concepts, technology, and progress)","I'd prefer not to eat it, but it would be okay. ",Might or might not,No,,A 50% discount,No,Manufactured,4.0,3.0,2.0,26.0,23.0,49.0,19.0,-1,-2.0,3,1.0,,1,0,A 50% discount,-50.0,0.3291,-1
Male,21,Somewhat liberal,Meat eater,"$0 to $24,999","$0 to $24,999",High school diploma,4.0,0.0,0.0,1.0,2.0,0.0,0.0,4.0,0.0,4.0,4.0,4.0,2.0,1.0,4.0,0.0,0.0,0.0,4.0,1.0,4.0,3.0,4.0,1.0,1.0,0.0,"Reasonably familiar (I have some exposure to the concepts, technology, and progress)","I don't see any difference between real meat and cultured meat in terms of eating it. I think they're the same. Since cultured meat would have more benefits, I think it would be better if eventually everyone switched to it.",Definitely yes,No,,A 10% discount,Yes,Manufactured,4.0,3.0,0.0,27.0,23.0,50.0,21.0,1,-2.0,3,1.0,1.0,1,2,A 10% discount,-10.0,0.6997,1
Female,19,Somewhat liberal,Meat eater,"$0 to $24,999","$100,000 to $149,999",Associate's degree,4.0,4.0,0.0,0.0,2.0,4.0,0.0,0.0,4.0,4.0,4.0,3.0,4.0,4.0,4.0,4.0,0.0,4.0,3.0,2.0,4.0,3.0,3.0,1.0,4.0,1.0,Not at all familiar (never heard of it before),"sounds very interesting, but is the taste affected?",Definitely yes,Maybe,Up to a 10% premium,,No,Grown,4.0,4.0,4.0,45.0,37.0,82.0,19.0,1,-2.0,4,1.0,5.0,-2,2,Up to a 10% premium,10.0,0.0249,-1
Male,18,Moderate,Meat eater,Prefer not to say,Prefer not to say,High school diploma,4.0,2.0,0.0,1.0,1.0,3.0,3.0,1.0,3.0,4.0,4.0,2.0,4.0,3.0,4.0,3.0,2.0,4.0,2.0,2.0,3.0,1.0,2.0,3.0,2.0,2.0,A tiny bit familiar (I have heard the term but don't know anything about it),nothing,Probably not,No,,None of the discounts listed here would convince me to purchase cultured meat.,No,Grown,4.0,3.0,3.0,40.0,33.0,73.0,18.0,0,-2.0,3,,,-1,-1,None of the discounts listed here would convince me to purchase cultured meat.,,0.0,-1
Female,19,Moderate,Meat eater,"$0 to $24,999","$100,000 to $149,999",High school diploma,4.0,4.0,0.0,0.0,3.0,4.0,1.0,2.0,3.0,4.0,4.0,0.0,4.0,3.0,3.0,4.0,2.0,4.0,4.0,4.0,4.0,4.0,4.0,1.0,3.0,0.0,A tiny bit familiar (I have heard the term but don't know anything about it),it's kinda strange to make meat in a lab,Might or might not,No,,A 50% discount,No,Manufactured,4.0,4.0,2.0,41.0,40.0,81.0,19.0,0,-2.0,3,1.0,5.0,-1,0,A 50% discount,-50.0,-0.1298,-1
Female,31,Somewhat liberal,Meat eater,"$0 to $24,999","$0 to $24,999",High school diploma,4.0,4.0,4.0,4.0,1.0,0.0,2.0,2.0,3.0,2.0,2.0,3.0,2.0,2.0,4.0,4.0,4.0,4.0,0.0,0.0,4.0,3.0,4.0,3.0,3.0,0.0,Not at all familiar (never heard of it before),"Nothing, just thought it's interesting ",Might or might not,Maybe,Up to a 40% premium,,Maybe,Grown,0.0,0.0,2.0,25.0,35.0,60.0,31.0,1,-2.0,3,1.0,1.0,-2,0,Up to a 40% premium,40.0,0.4019,0
Female,20,Somewhat liberal,Meat eater,"$0 to $24,999","$50,000 to $74,999",High school diploma,4.0,1.0,0.0,1.0,4.0,2.0,0.0,4.0,0.0,3.0,0.0,0.0,0.0,0.0,1.0,3.0,0.0,3.0,1.0,0.0,1.0,4.0,4.0,0.0,0.0,0.0,Not at all familiar (never heard of it before),If it is available at a lower price I believe it could be a sustainable alternative to our current situation,Definitely yes,Maybe,Up to a 20% premium,,Yes,Grown,4.0,3.0,0.0,21.0,17.0,38.0,20.0,1,-2.0,3,1.0,3.0,-2,2,Up to a 20% premium,20.0,-0.296,1
Female,18,Moderate,Meat eater,"$0 to $24,999","$100,000 to $149,999",High school diploma,4.0,1.0,3.0,0.0,1.0,1.0,4.0,3.0,4.0,3.0,1.0,2.0,1.0,2.0,3.0,4.0,0.0,4.0,0.0,1.0,3.0,2.0,1.0,0.0,0.0,0.0,Not at all familiar (never heard of it before),No feelings,Probably yes,No,,A 30% discount,No,Manufactured,1.0,4.0,1.0,28.0,20.0,48.0,18.0,0,-2.0,3,1.0,5.0,-2,1,A 30% discount,-30.0,-0.296,-1
